timestamp,city,temp_mean,hum_mean,wind_mean,demand_sum,demand_mean
2018-07-01,la,69.01882352941176,0.6776470588235294,4.138235294117647,209005.0,12294.411764705883
2018-07-01,phoenix,87.09,0.13999999999999999,3.3570588235294117,72914.0,4289.058823529412
2018-07-01,san diego,65.68058823529412,0.721764705882353,5.027647058823529,31713.0,1865.4705882352941
2018-07-01,san jose,69.9735294117647,0.6158823529411765,5.289411764705882,230370.0,13551.176470588236
2018-07-01,seattle,59.63764705882353,0.8664705882352941,4.45235294117647,16062.0,944.8235294117648
2018-07-08,dallas,86.56337423312884,0.5682822085889571,6.5696319018404905,2830777.96,17366.735950920247
2018-07-08,houston,81.62588957055215,0.7542331288343558,4.3579754601227,2219675.07,13617.638466257667
2018-07-08,la,78.04910714285714,0.5103571428571428,5.0460714285714285,2475925.0,14737.64880952381
2018-07-08,nyc,77.86506097560977,0.6975609756097562,6.9105487804878045,1270418.0,7746.451219512195
2018-07-08,philadelphia,79.22591463414633,0.6666463414634146,4.198475609756097,914155.0,5574.115853658536
2018-07-08,phoenix,96.8514880952381,0.1705952380952381,3.889940476190476,815253.0,4852.696428571428
2018-07-08,san antonio,82.91429447852761,0.6941717791411043,6.376073619631901,1319107.08,8092.681472392638
2018-07-08,san diego,72.88470238095238,0.6441071428571429,5.355833333333333,425167.0,2530.7559523809523
2018-07-08,san jose,69.7995238095238,0.5701785714285714,6.223630952380952,2162208.0,12870.285714285714
2018-07-08,seattle,65.1372619047619,0.6461904761904762,4.592499999999999,160284.0,954.0714285714286
2018-07-15,dallas,84.62208333333334,0.641904761904762,6.069226190476191,2850351.28,16966.376666666667
2018-07-15,houston,84.13904761904762,0.7229166666666667,3.666845238095238,2438785.58,14516.580833333333
2018-07-15,la,78.32809523809524,0.5720833333333333,4.819642857142857,2675290.0,15924.345238095239
2018-07-15,nyc,77.23583333333333,0.6101190476190477,7.013809523809523,1236510.0,7360.178571428572
2018-07-15,philadelphia,77.25,0.46,3.98,3603.0,3603.0
2018-07-15,phoenix,88.23619047619047,0.4924404761904762,3.525119047619048,725677.0,4319.505952380952
2018-07-15,san antonio,82.96285714285715,0.6917261904761905,7.880416666666667,1370465.28,8157.5314285714285
2018-07-15,san diego,73.90869047619047,0.729107142857143,5.043511904761904,459179.0,2733.2083333333335
2018-07-15,san jose,72.13642857142857,0.5495833333333333,5.8150595238095235,2404249.0,14311.005952380952
2018-07-15,seattle,68.80011904761905,0.6178571428571429,4.65625,171359.0,1019.9940476190476
2018-07-22,dallas,93.914125,0.40862499999999996,7.4931875,3169494.61,19809.3413125
2018-07-22,houston,86.6344375,0.6923125,7.0000625,2495573.16,15597.332250000001
2018-07-22,la,75.0103144654088,0.6596855345911949,4.966603773584906,2453406.0,15430.22641509434
2018-07-22,nyc,75.7134375,0.684625,8.93575,1171030.0,7318.9375
2018-07-22,phoenix,93.092875,0.3865,4.0433125,767913.0,4799.45625
2018-07-22,san antonio,86.9745,0.607625,8.1789375,1448907.67,9055.6729375
2018-07-22,san diego,71.84666666666668,0.7524528301886793,5.224779874213836,413532.0,2600.830188679245
2018-07-22,san jose,71.9393710691824,0.6166666666666667,5.427672955974843,2309337.0,14524.132075471698
2018-07-22,seattle,67.3100625,0.6100000000000001,4.366687499999999,162359.0,1014.74375
2018-07-29,dallas,91.51751773049645,0.39347517730496456,5.492269503546099,2643720.62,18749.791631205673
2018-07-29,houston,87.43652482269503,0.6012765957446808,4.91886524822695,2215756.71,15714.58659574468
2018-07-29,la,79.25521472392639,0.5928220858895705,4.457668711656442,2745447.0,16843.233128834356
2018-07-29,nyc,76.87957055214724,0.8123312883435583,9.343496932515338,1246920.0,7649.815950920245
2018-07-29,phoenix,98.87466257668711,0.25349693251533745,3.8082208588957056,862056.0,5288.687116564417
2018-07-29,san antonio,87.64921428571428,0.5212142857142857,5.644857142857143,1282784.61,9162.747214285715
2018-07-29,san diego,74.67705521472394,0.7346625766871165,4.681472392638037,466361.0,2861.1104294478528
2018-07-29,san jose,70.80932098765433,0.598641975308642,5.945308641975308,2362634.0,14584.160493827161
2018-07-29,seattle,73.05185185185185,0.556358024691358,4.188395061728395,173888.0,1073.3827160493827
2018-08-05,dallas,84.79232142857143,0.4644642857142857,6.6344642857142855,2816848.11,16766.953035714287
2018-08-05,houston,84.04440476190476,0.6732738095238096,4.701130952380952,2440516.08,14526.881428571429
2018-08-05,la,78.91178571428571,0.5466071428571428,4.591785714285714,2769654.0,16486.035714285714
2018-08-05,nyc,78.37511904761905,0.7513095238095238,6.794464285714286,1314787.0,7826.113095238095
2018-08-05,phoenix,96.1882738095238,0.32666666666666666,3.4642261904761904,858912.0,5112.571428571428
2018-08-05,san antonio,84.91692771084337,0.5620481927710843,6.662831325301204,1413303.92,8513.879036144577
2018-08-05,san diego,76.45767857142857,0.7080357142857143,4.449940476190476,497611.0,2961.970238095238
2018-08-05,san jose,71.12880952380952,0.5378571428571428,5.320059523809523,2349826.0,13987.059523809523
2018-08-05,seattle,67.39904761904761,0.7024404761904762,5.785892857142857,168054.0,1000.3214285714286
2018-08-12,dallas,83.31720238095238,0.6519642857142858,6.85172619047619,2747239.36,16352.615238095237
2018-08-12,houston,83.66568862275449,0.7424550898203593,4.259880239520958,2404747.79,14399.687365269461
2018-08-12,la,81.03303571428572,0.491547619047619,4.5841666666666665,2792974.0,16624.845238095237
2018-08-12,nyc,80.22089285714286,0.740654761904762,5.91875,1400021.0,8333.458333333334
2018-08-12,phoenix,91.70815476190475,0.3668452380952381,3.8844047619047624,808635.0,4813.303571428572
2018-08-12,san antonio,83.60434523809525,0.6780357142857143,7.449464285714286,1406869.24,8374.221666666666
2018-08-12,san diego,79.53869047619048,0.6286309523809523,4.698214285714285,533005.0,3172.6488095238096
2018-08-12,san jose,73.04261904761904,0.5113690476190476,4.805535714285715,2355557.0,14021.172619047618
2018-08-12,seattle,71.79077380952381,0.6083928571428572,5.49077380952381,176261.0,1049.172619047619
2018-08-19,dallas,85.60696428571428,0.6163690476190476,7.513392857142857,2840444.83,16907.40970238095
2018-08-19,houston,86.01446428571428,0.6989880952380952,5.968809523809524,2588390.56,15407.086666666666
2018-08-19,la,75.46482142857143,0.6628571428571428,4.404880952380952,2618747.0,15587.779761904761
2018-08-19,nyc,77.35916666666667,0.7933928571428571,7.225595238095239,1294120.0,7703.0952380952385
2018-08-19,phoenix,90.54708333333333,0.4094642857142857,3.9198214285714283,782665.0,4658.7202380952385
2018-08-19,san antonio,85.2467857142857,0.6377976190476191,9.20172619047619,1482070.36,8821.847380952382
2018-08-19,san diego,74.49267857142857,0.7398214285714286,4.687440476190476,477506.0,2842.2976190476193
2018-08-19,san jose,68.85125000000001,0.6251785714285715,5.684047619047619,2312417.0,13764.386904761905
2018-08-19,seattle,66.8104761904762,0.7102380952380953,4.530595238095238,167176.0,995.0952380952381
2018-08-26,dallas,86.11384615384615,0.5373426573426574,6.671538461538462,2492916.27,17432.980909090908
2018-08-26,houston,86.6811888111888,0.6737762237762238,4.876083916083916,2243453.95,15688.489160839163
2018-08-26,la,73.83951807228917,0.6784337349397591,4.426506024096385,2407257.0,14501.548192771084
2018-08-26,nyc,73.8456626506024,0.6850602409638554,7.43710843373494,1111338.0,6694.807228915663
2018-08-26,phoenix,91.17481927710844,0.3709036144578313,4.310602409638554,769796.0,4637.325301204819
2018-08-26,san antonio,87.42062937062937,0.5716783216783217,7.596013986013986,1323713.27,9256.736153846154
2018-08-26,san diego,73.37722891566266,0.7246987951807229,4.593192771084338,449023.0,2704.9578313253014
2018-08-26,san jose,65.85536144578313,0.674156626506024,5.461566265060241,2111055.0,12717.198795180722
2018-08-26,seattle,65.66981818181819,0.6827878787878787,5.164727272727273,163401.0,990.3090909090909
2018-09-02,dallas,87.13709090909092,0.5556363636363637,8.24739393939394,2956309.46,17917.02703030303
2018-09-02,houston,82.91085889570552,0.761042944785276,3.9870552147239264,2328452.96,14284.987484662577
2018-09-02,la,72.36030303030303,0.635939393939394,4.278424242424242,2214676.0,13422.278787878788
2018-09-02,nyc,79.97090909090909,0.7010909090909091,7.314060606060606,1335315.0,8092.818181818182
2018-09-02,phoenix,91.92066666666666,0.24672727272727274,3.406545454545455,725241.0,4395.4
2018-09-02,san antonio,86.23503030303031,0.6078181818181818,8.48139393939394,1470769.74,8913.756
2018-09-02,san diego,71.86579268292682,0.7194512195121952,5.156341463414634,409360.0,2496.0975609756097
2018-09-02,san jose,66.3640606060606,0.650909090909091,5.504,2032773.0,12319.836363636363
2018-09-02,seattle,63.68424242424242,0.6857575757575758,4.461939393939394,157883.0,956.8666666666667
2018-09-09,dallas,79.10443113772456,0.7917365269461077,5.834910179640718,2424428.97,14517.538742514971
2018-09-09,houston,81.15604790419161,0.808562874251497,3.7374251497005986,2236632.83,13393.010958083833
2018-09-09,la,71.73610778443114,0.7010778443113772,4.42754491017964,2281944.0,13664.335329341317
2018-09-09,nyc,76.58664670658682,0.7632934131736527,7.207485029940121,1294074.0,7748.946107784431
2018-09-09,phoenix,91.18604790419161,0.27377245508982034,3.509880239520958,728381.0,4361.562874251497
2018-09-09,san antonio,80.76802395209582,0.7691616766467065,5.758922155688623,1261943.74,7556.549341317365
2018-09-09,san diego,71.14550898203592,0.7485029940119761,4.910359281437126,407327.0,2439.083832335329
2018-09-09,san jose,67.96017964071856,0.6040718562874251,4.834610778443114,2131533.0,12763.670658682635
2018-09-09,seattle,64.42910179640718,0.6537125748502994,5.384311377245509,160722.0,962.4071856287425
2018-09-16,dallas,77.24869047619048,0.7886309523809525,5.137738095238095,2380932.68,14172.218333333334
2018-09-16,houston,78.29202380952381,0.8704761904761905,5.557738095238095,2150512.63,12800.670416666666
2018-09-16,la,73.53321428571428,0.5605952380952381,4.162142857142857,2245758.0,13367.607142857143
2018-09-16,nyc,70.56315476190477,0.8723214285714287,6.817380952380952,1057301.0,6293.458333333333
2018-09-16,phoenix,91.17809523809524,0.2273809523809524,3.030952380952381,738902.0,4398.226190476191
2018-09-16,san antonio,76.39946428571429,0.8585714285714287,7.454642857142858,1146230.33,6822.799583333333
2018-09-16,san diego,71.17172619047619,0.7075,4.550357142857143,408131.0,2429.3511904761904
2018-09-16,san jose,64.77982142857142,0.5649404761904762,5.350952380952381,1999197.0,11899.982142857143
2018-09-16,seattle,59.646190476190476,0.785952380952381,6.553214285714286,160478.0,955.2261904761905
2018-09-23,dallas,80.59857142857143,0.7321428571428571,5.839642857142857,2528493.74,15050.557976190477
2018-09-23,houston,82.6645238095238,0.7633928571428571,3.2848214285714286,2328373.7,13859.367261904763
2018-09-23,la,71.61636904761905,0.5684523809523809,4.273154761904761,2180294.0,12977.940476190477
2018-09-23,nyc,71.12113095238095,0.7808333333333334,7.510238095238096,1081841.0,6439.5297619047615
2018-09-23,philadelphia,70.30937062937063,0.8225174825174826,4.816853146853147,654489.0,4576.846153846154
2018-09-23,phoenix,88.38470238095238,0.3910119047619047,2.923392857142857,709859.0,4225.351190476191
2018-09-23,san antonio,78.84964285714285,0.7808333333333334,5.8897619047619045,1216502.53,7241.086488095239
2018-09-23,san diego,69.59386904761905,0.7235714285714285,4.593630952380953,395002.0,2351.2023809523807
2018-09-23,san jose,66.7585119047619,0.5563095238095238,4.601190476190476,2000023.0,11904.89880952381
2018-09-23,seattle,58.57238095238095,0.7282142857142857,6.210119047619047,161521.0,961.4345238095239
2018-09-30,dallas,72.70103448275862,0.8239310344827586,6.030758620689656,1852071.42,12772.906344827587
2018-09-30,houston,77.19503448275863,0.9082758620689655,4.80048275862069,1768813.46,12198.713517241378
2018-09-30,la,69.33333333333333,0.7127380952380953,3.96875,2148444.0,12788.357142857143
2018-09-30,nyc,66.43464285714286,0.7985119047619048,8.579345238095238,960540.0,5717.5
2018-09-30,philadelphia,66.55404761904762,0.8380357142857142,5.316607142857143,705090.0,4196.964285714285
2018-09-30,phoenix,88.34988095238096,0.24714285714285716,3.01875,675467.0,4020.6369047619046
2018-09-30,san antonio,76.71744827586207,0.7850344827586206,5.865034482758621,990184.64,6828.859586206897
2018-09-30,san diego,67.7225,0.7952976190476191,4.560892857142857,386836.0,2302.595238095238
2018-09-30,san jose,65.82505952380953,0.61375,4.274702380952381,2008796.0,11957.119047619048
2018-09-30,seattle,58.89113095238095,0.7398809523809524,4.870833333333333,164037.0,976.4107142857143
2018-10-07,dallas,79.79095238095238,0.8011904761904761,7.755952380952381,2474516.14,14729.262738095238
2018-10-07,houston,80.81863095238096,0.8644047619047619,5.161488095238095,2310357.96,13752.130714285715
2018-10-07,la,71.14136904761905,0.6607738095238096,4.066428571428571,2035170.0,12114.107142857143
2018-10-07,nyc,68.98559523809524,0.8314880952380952,6.554940476190477,1004390.0,5978.511904761905
2018-10-07,philadelphia,69.54958333333333,0.8442261904761905,4.586488095238095,739688.0,4402.9047619047615
2018-10-07,phoenix,74.53065476190476,0.6743452380952382,3.4769047619047617,531896.0,3166.0476190476193
2018-10-07,san antonio,79.34470238095238,0.8179166666666666,7.592083333333333,1254504.77,7467.290297619048
2018-10-07,san diego,70.3620238095238,0.7364880952380952,5.082321428571428,398378.0,2371.2976190476193
2018-10-07,san jose,66.78089285714286,0.6416071428571429,5.069583333333334,1925261.0,11459.886904761905
2018-10-07,seattle,52.609404761904756,0.8035119047619048,5.315595238095238,163732.0,974.5952380952381
2018-10-14,dallas,67.65065476190476,0.8483928571428572,6.253511904761904,1859895.07,11070.803988095238
2018-10-14,houston,78.63083333333333,0.7661309523809524,7.19375,2233465.72,13294.43880952381
2018-10-14,la,66.58809523809524,0.6641071428571429,4.340357142857142,1872481.0,11145.720238095239
2018-10-14,nyc,64.92767857142857,0.8329166666666667,7.364642857142857,988566.0,5884.321428571428
2018-10-14,philadelphia,65.74166666666667,0.8423214285714286,5.195119047619047,736605.0,4384.553571428572
2018-10-14,phoenix,69.16148809523808,0.5720238095238095,3.4070833333333335,466219.0,2775.1130952380954
2018-10-14,san antonio,75.46119047619047,0.8102380952380953,7.850833333333334,1104612.94,6575.077023809524
2018-10-14,san diego,66.20595238095238,0.7139880952380953,4.331845238095238,354632.0,2110.904761904762
2018-10-14,san jose,65.26964285714286,0.5470833333333334,4.886071428571428,1857276.0,11055.214285714286
2018-10-14,seattle,53.010416666666664,0.8154761904761905,3.770238095238095,167591.0,997.5654761904761
2018-10-21,dallas,55.636071428571434,0.8277380952380953,7.3498214285714285,1837910.71,10939.944702380952
2018-10-21,houston,65.55238095238094,0.8658928571428571,8.346250000000001,1702230.58,10132.324880952381
2018-10-21,la,70.98154761904762,0.31196428571428575,4.452738095238095,1850274.0,11013.535714285714
2018-10-21,nyc,53.983928571428564,0.6352380952380953,10.930833333333334,869005.0,5172.648809523809
2018-10-21,philadelphia,53.641666666666666,0.6708333333333334,7.570833333333334,645706.0,3843.4880952380954
2018-10-21,phoenix,70.77345238095238,0.42291666666666666,4.689166666666667,463185.0,2757.0535714285716
2018-10-21,san antonio,58.727202380952384,0.8423809523809525,9.753214285714286,921366.12,5484.322142857143
2018-10-21,san diego,69.51994047619048,0.41232142857142856,4.502440476190476,355199.0,2114.279761904762
2018-10-21,san jose,63.267500000000005,0.514345238095238,3.7127380952380955,1824214.0,10858.416666666666
2018-10-21,seattle,52.553630952380956,0.7537499999999999,3.4800595238095235,173157.0,1030.6964285714287
2018-10-28,dallas,61.678137931034485,0.7504137931034482,4.154758620689655,1525924.69,10523.618551724137
2018-10-28,houston,64.52227586206897,0.7695862068965518,5.838275862068965,1439105.1,9924.86275862069
2018-10-28,la,68.64297619047619,0.6810714285714285,3.4994047619047617,1920454.0,11431.27380952381
2018-10-28,nyc,49.0289880952381,0.6780952380952381,9.43172619047619,882232.0,5251.380952380952
2018-10-28,philadelphia,48.20327380952381,0.6867857142857142,6.948333333333333,668267.0,3977.779761904762
2018-10-28,phoenix,73.76208333333334,0.48047619047619045,3.3325,497824.0,2963.2380952380954
2018-10-28,san antonio,63.1576551724138,0.7953103448275862,4.282689655172414,776912.51,5358.017310344828
2018-10-28,san diego,65.33857142857143,0.8067261904761904,3.835833333333333,365349.0,2174.6964285714284
2018-10-28,san jose,61.384226190476184,0.6998809523809524,3.939464285714286,1833026.0,10910.869047619048
2018-10-28,seattle,52.534285714285716,0.8601190476190477,5.382678571428571,178098.0,1060.107142857143
2018-11-04,dallas,64.13488095238095,0.7326785714285714,8.59095238095238,1813235.93,10793.071011904762
2018-11-04,houston,68.47815476190476,0.7593452380952381,6.987857142857143,1757819.66,10463.212261904762
2018-11-04,la,68.72938356164383,0.49547945205479454,3.7247945205479454,1659489.0,11366.36301369863
2018-11-04,nyc,55.9252380952381,0.7169642857142857,9.018035714285714,886519.0,5276.898809523809
2018-11-04,philadelphia,57.08744827586207,0.7422068965517241,7.9609655172413785,570242.0,3932.7034482758622
2018-11-04,phoenix,68.54154761904762,0.3707738095238095,3.2983333333333333,460908.0,2743.5
2018-11-04,san antonio,66.45619047619047,0.7333333333333334,7.112797619047619,932346.78,5549.683214285715
2018-11-04,san diego,67.16034246575343,0.6132876712328768,4.212808219178083,319408.0,2187.72602739726
2018-11-04,san jose,63.785000000000004,0.5334246575342465,4.908013698630137,1605972.0,10999.808219178081
2018-11-04,seattle,53.574464285714285,0.8824404761904762,7.073690476190476,178045.0,1059.7916666666667
2018-11-11,dallas,56.13380952380952,0.7623214285714285,7.223928571428571,1885025.07,11220.387321428572
2018-11-11,houston,65.9077380952381,0.8570238095238094,6.7905952380952375,1848187.31,11001.11494047619
2018-11-11,la,65.09078313253012,0.49054216867469885,3.7754216867469883,1777750.0,10709.33734939759
2018-11-11,nyc,50.01422619047619,0.6981547619047619,9.810059523809523,889611.0,5295.303571428572
2018-11-11,philadelphia,48.7102994011976,0.7219161676646707,6.699700598802394,681730.0,4082.2155688622756
2018-11-11,phoenix,66.83744047619048,0.34690476190476194,3.6039880952380954,452781.0,2695.125
2018-11-11,san antonio,62.462738095238095,0.7899404761904762,6.652440476190476,970241.11,5775.244702380953
2018-11-11,san diego,65.31969879518073,0.5993975903614458,4.091024096385542,353045.0,2126.777108433735
2018-11-11,san jose,58.765783132530125,0.34620481927710844,4.063734939759036,1784416.0,10749.493975903615
2018-11-11,seattle,45.29607142857143,0.8420833333333333,4.0233928571428565,193222.0,1150.1309523809523
2018-11-18,dallas,47.34029761904762,0.6507738095238095,8.117261904761905,2251129.4,13399.57976190476
2018-11-18,houston,50.3447619047619,0.7088690476190477,6.794464285714286,1849573.8800000001,11009.368333333334
2018-11-18,la,63.48345238095238,0.3308333333333333,3.953988095238095,1821155.0,10840.208333333334
2018-11-18,nyc,41.798273809523806,0.6788095238095239,9.860059523809523,926960.0,5517.619047619048
2018-11-18,philadelphia,39.725119047619046,0.7164285714285714,6.804107142857142,755728.0,4498.380952380952
2018-11-18,phoenix,58.12636904761904,0.24125000000000002,3.9717857142857143,461644.0,2747.8809523809523
2018-11-18,san antonio,49.85136904761905,0.6719642857142857,6.775476190476191,1115309.58,6638.7475
2018-11-18,san diego,63.621607142857144,0.34964285714285714,3.739821428571428,350349.0,2085.410714285714
2018-11-18,san jose,53.63636904761905,0.3989285714285714,2.5088690476190476,1846298.0,10989.869047619048
2018-11-18,seattle,47.69303571428571,0.7525595238095238,5.4782142857142855,195359.0,1162.8511904761904
2018-11-25,dallas,52.029862068965514,0.6258620689655172,6.665793103448276,1699388.66,11719.921793103447
2018-11-25,houston,56.09606896551724,0.7913793103448276,6.202965517241379,1475060.1,10172.82827586207
2018-11-25,la,61.871726190476195,0.6392857142857143,3.551964285714286,1720217.0,10239.386904761905
2018-11-25,nyc,47.70077380952381,0.7107142857142857,7.412916666666668,917368.0,5460.523809523809
2018-11-25,philadelphia,45.570119047619045,0.7370238095238095,5.534642857142858,759297.0,4519.625
2018-11-25,phoenix,59.25333333333333,0.41851190476190475,3.1557738095238093,449940.0,2678.214285714286
2018-11-25,san antonio,55.582827586206896,0.6901379310344828,6.183999999999999,836033.86,5765.750758620689
2018-11-25,san diego,62.30994047619048,0.7205357142857143,4.020892857142857,346178.0,2060.5833333333335
2018-11-25,san jose,56.78375,0.7233928571428572,3.8964285714285714,1762041.0,10488.339285714286
2018-11-25,seattle,44.683035714285715,0.819702380952381,4.34827380952381,191642.0,1140.7261904761904
2018-12-02,dallas,56.84815476190476,0.6023809523809524,9.260059523809524,1955062.3,11637.275595238096
2018-12-02,houston,62.20232142857143,0.6724404761904762,6.878750000000001,1752421.16,10431.078333333333
2018-12-02,la,60.66166666666667,0.5614285714285715,4.83125,1802650.0,10730.059523809523
2018-12-02,nyc,43.45845238095238,0.7430952380952381,9.332083333333333,936154.0,5572.3452380952385
2018-12-02,philadelphia,41.657559523809525,0.7496428571428572,7.162619047619048,766409.0,4561.958333333333
2018-12-02,phoenix,57.90041666666667,0.4535119047619047,3.2951785714285715,470233.0,2799.0059523809523
2018-12-02,san antonio,59.03386904761905,0.6095833333333334,6.2318452380952385,960880.93,5719.529345238096
2018-12-02,san diego,61.55154761904762,0.6608928571428572,5.5494047619047615,361660.0,2152.7380952380954
2018-12-02,san jose,54.77464285714285,0.7664285714285713,4.745892857142857,1829044.0,10887.166666666666
2018-12-02,seattle,46.86839285714286,0.8954166666666667,4.948571428571428,197794.0,1177.345238095238
2018-12-09,dallas,45.40511904761905,0.7186309523809524,7.194404761904762,2280124.94,13572.172261904761
2018-12-09,houston,54.76446428571429,0.7301190476190476,7.664285714285714,1774132.65,10560.313392857142
2018-12-09,la,57.83535714285714,0.5500595238095238,4.943869047619048,1815791.0,10808.279761904761
2018-12-09,nyc,37.26952380952381,0.6101190476190477,8.474940476190476,962016.0,5726.285714285715
2018-12-09,philadelphia,38.68928571428572,0.6460714285714286,6.181190476190476,807878.0,4808.797619047619
2018-12-09,phoenix,55.082142857142856,0.5896428571428571,3.3658928571428572,488556.0,2908.0714285714284
2018-12-09,san antonio,52.6025,0.6685714285714286,8.567321428571429,1060761.93,6314.059107142857
2018-12-09,san diego,58.40934523809524,0.6763095238095238,4.469940476190477,375168.0,2233.1428571428573
2018-12-09,san jose,51.919999999999995,0.7354761904761905,3.0035119047619045,1892196.0,11263.07142857143
2018-12-09,seattle,38.450892857142854,0.6888095238095238,4.228630952380952,224980.0,1339.1666666666667
2018-12-16,dallas,50.392857142857146,0.6910119047619048,8.220357142857143,2207439.48,13139.520714285714
2018-12-16,houston,54.424107142857146,0.714702380952381,7.092202380952381,1822162.74,10846.206785714287
2018-12-16,la,60.18345238095238,0.5100595238095238,3.6105357142857146,1814699.0,10801.779761904761
2018-12-16,nyc,39.54279761904762,0.7310119047619048,8.239880952380952,964487.0,5740.994047619048
2018-12-16,philadelphia,38.74648809523809,0.7525595238095238,5.467202380952381,793140.0,4721.071428571428
2018-12-16,phoenix,56.22190476190477,0.3854166666666667,3.510357142857143,494719.0,2944.7559523809523
2018-12-16,san antonio,51.31559523809524,0.6219642857142856,6.718988095238095,1077259.14,6412.256785714285
2018-12-16,san diego,59.26547619047619,0.7001785714285714,3.4544642857142858,374113.0,2226.8630952380954
2018-12-16,san jose,52.63625,0.7236904761904762,4.094047619047619,1867145.0,11113.958333333334
2018-12-16,seattle,45.85562874251497,0.8266467065868264,7.579101796407186,207352.0,1241.62874251497
2018-12-23,dallas,51.65446428571429,0.641547619047619,7.061249999999999,2081405.35,12389.31755952381
2018-12-23,houston,57.67928571428572,0.7224999999999999,6.192440476190476,1711974.52,10190.324523809524
2018-12-23,la,59.81036144578314,0.6873493975903615,3.372289156626506,1765295.0,10634.307228915663
2018-12-23,nyc,41.7685119047619,0.6995833333333333,9.682738095238095,946342.0,5632.988095238095
2018-12-23,philadelphia,41.90863095238095,0.7299404761904762,7.13202380952381,771766.0,4593.8452380952385
2018-12-23,phoenix,55.87869047619048,0.45607142857142857,2.9707142857142856,489068.0,2911.1190476190477
2018-12-23,san antonio,56.257797619047615,0.571547619047619,5.843333333333333,973646.67,5795.515892857143
2018-12-23,san diego,58.58307228915662,0.811566265060241,3.6308433734939762,364810.0,2197.6506024096384
2018-12-23,san jose,52.90078313253012,0.8003614457831326,3.3245180722891567,1798586.0,10834.855421686747
2018-12-23,seattle,45.37708333333334,0.8458333333333333,7.939464285714285,208796.0,1242.8333333333333
2018-12-30,dallas,50.18013793103448,0.7488965517241379,8.597793103448277,1809198.72,12477.232551724137
2018-12-30,houston,57.894275862068966,0.768,8.556965517241379,1442120.79,9945.660620689656
2018-12-30,la,55.58279761904762,0.4810714285714286,4.306726190476191,1714816.0,10207.238095238095
2018-12-30,nyc,41.40767857142857,0.7117857142857142,7.573928571428572,894839.0,5326.422619047619
2018-12-30,philadelphia,41.260595238095235,0.7451190476190477,5.36625,737656.0,4390.809523809524
2018-12-30,phoenix,49.774583333333325,0.4633928571428572,3.238928571428571,507089.0,3018.3869047619046
2018-12-30,san antonio,56.114,0.7222758620689655,10.064620689655174,856009.14,5903.5113103448275
2018-12-30,san diego,55.18553571428571,0.6445833333333334,4.3549999999999995,348762.0,2075.964285714286
2018-12-30,san jose,50.13982142857143,0.6299404761904762,5.4325,1731258.0,10305.107142857143
2018-12-30,seattle,42.695952380952384,0.8883333333333334,5.21327380952381,199948.0,1190.1666666666667
2019-01-06,dallas,44.62136904761905,0.7579761904761905,6.998095238095239,2333265.21,13888.483392857142
2019-01-06,houston,52.26833333333333,0.8020833333333334,5.599404761904762,1749967.07,10416.470654761904
2019-01-06,la,52.75785714285714,0.44315476190476194,4.134166666666666,1783291.0,10614.827380952382
2019-01-06,nyc,42.30880952380952,0.7446428571428572,8.375,907914.0,5404.25
2019-01-06,philadelphia,42.440892857142856,0.7738690476190475,6.170178571428571,744910.0,4433.988095238095
2019-01-06,phoenix,45.16309523809524,0.5440476190476191,3.2644642857142854,567591.0,3378.5178571428573
2019-01-06,san antonio,47.995892857142856,0.7363690476190475,6.870535714285714,1131704.78,6736.337976190476
2019-01-06,san diego,53.012202380952374,0.5523809523809524,4.912976190476191,371144.0,2209.190476190476
2019-01-06,san jose,47.363749999999996,0.5864285714285714,5.345535714285714,1771996.0,10547.595238095239
2019-01-06,seattle,42.714999999999996,0.8334523809523811,6.0651190476190475,209618.0,1247.7261904761904
2019-01-13,dallas,51.829345238095236,0.6296428571428572,8.11672619047619,2115260.89,12590.838630952381
2019-01-13,houston,59.139761904761905,0.7064285714285715,6.416785714285714,1658059.5,9869.401785714286
2019-01-13,la,55.827083333333334,0.7536904761904762,3.9979166666666663,1779207.0,10590.517857142857
2019-01-13,nyc,44.76053571428571,0.6280952380952382,7.9902380952380945,980908.0,5838.738095238095
2019-01-13,philadelphia,39.542678571428574,0.6328571428571429,7.394047619047619,825407.0,4913.136904761905
2019-01-13,phoenix,54.511607142857144,0.6502976190476191,3.058452380952381,491321.0,2924.529761904762
2019-01-13,san antonio,58.729166666666664,0.6918452380952381,6.340059523809525,953645.29,5676.46005952381
2019-01-13,san diego,56.34839285714286,0.7724404761904763,3.927797619047619,355907.0,2118.4940476190477
2019-01-13,san jose,55.11065476190476,0.7777380952380952,5.267857142857143,1716214.0,10215.559523809523
2019-01-13,seattle,44.22434523809524,0.8157142857142856,4.5164880952380955,206486.0,1229.0833333333333
2019-01-20,dallas,45.51839285714286,0.7626785714285714,8.199880952380951,2276491.37,13550.54386904762
2019-01-20,houston,53.14369047619047,0.7660714285714285,7.329047619047619,1774271.71,10561.141130952381
2019-01-20,la,58.01410714285715,0.784702380952381,5.055833333333333,1772834.0,10552.583333333334
2019-01-20,nyc,35.379285714285714,0.6483928571428572,7.217499999999999,994902.0,5922.035714285715
2019-01-20,philadelphia,32.80589285714286,0.6829761904761905,5.071309523809524,843594.0,5021.392857142857
2019-01-20,phoenix,57.393035714285716,0.6133928571428571,3.258988095238095,475502.0,2830.3690476190477
2019-01-20,san antonio,51.83315476190476,0.7551190476190476,5.300416666666667,1046686.01,6230.273869047619
2019-01-20,san diego,59.48077380952381,0.7780952380952381,4.511190476190476,359077.0,2137.3630952380954
2019-01-20,san jose,56.178511904761905,0.7575595238095237,5.746726190476191,1647644.0,9807.404761904761
2019-01-20,seattle,44.08821428571429,0.7785714285714287,5.538035714285714,206916.0,1231.642857142857
2019-01-27,dallas,46.19744827586207,0.6355862068965517,8.487655172413794,1969432.11,13582.290413793104
2019-01-27,houston,53.26137931034482,0.7300000000000001,6.809103448275862,1543483.19,10644.711655172414
2019-01-27,la,60.66047619047619,0.34785714285714286,4.853452380952381,1708727.0,10170.994047619048
2019-01-27,nyc,47.41202380952381,0.6423809523809524,8.268154761904762,1011128.0,6018.619047619048
2019-01-27,philadelphia,45.74160714285714,0.6657142857142857,6.501904761904761,853774.0,5081.988095238095
2019-01-27,phoenix,54.01202380952381,0.3358333333333333,3.823928571428571,489429.0,2913.2678571428573
2019-01-27,san antonio,53.582206896551725,0.6798620689655173,7.53951724137931,889645.07,6135.48324137931
2019-01-27,san diego,59.15767857142857,0.48767857142857146,4.463035714285714,345470.0,2056.3690476190477
2019-01-27,san jose,51.733154761904764,0.6167857142857143,4.041547619047619,1558031.0,9273.994047619048
2019-01-27,seattle,42.83107142857143,0.8722619047619047,4.413214285714285,206340.0,1228.2142857142858
2019-02-03,dallas,50.94732142857143,0.6824404761904762,6.832321428571428,2112648.67,12575.289702380953
2019-02-03,houston,54.90714285714286,0.7548214285714285,6.4660119047619045,1756070.7,10452.801785714286
2019-02-03,la,58.18353293413173,0.7264071856287425,4.08497005988024,1735790.0,10393.952095808383
2019-02-03,nyc,47.85916666666667,0.6595238095238096,6.602142857142858,1052840.0,6266.9047619047615
2019-02-03,philadelphia,45.48863095238095,0.6614285714285715,5.162440476190476,923228.0,5495.4047619047615
2019-02-03,phoenix,60.451249999999995,0.44869047619047614,3.208214285714286,459976.0,2737.9523809523807
2019-02-03,san antonio,55.42875,0.73,6.28827380952381,1003392.21,5972.572678571429
2019-02-03,san diego,58.39347305389221,0.7534730538922155,4.6534131736526945,355041.0,2125.994011976048
2019-02-03,san jose,55.89892215568863,0.7471257485029941,5.327185628742515,1796187.0,10755.610778443113
2019-02-03,seattle,43.16791666666667,0.7835714285714287,4.923571428571428,207333.0,1234.125
2019-02-10,dallas,56.18869047619048,0.7582142857142857,8.755416666666667,2253796.89,13415.457678571429
2019-02-10,houston,59.40744047619048,0.800297619047619,8.538333333333334,1843664.71,10974.194702380952
2019-02-10,la,51.56407185628743,0.6073053892215569,5.102814371257485,1794874.0,10747.748502994013
2019-02-10,nyc,47.09023809523809,0.7226785714285715,6.437440476190476,944703.0,5623.232142857143
2019-02-10,philadelphia,47.35113095238095,0.7379761904761905,4.795,763039.0,4541.898809523809
2019-02-10,phoenix,51.00095238095238,0.5246428571428572,3.5679166666666666,504954.0,3005.6785714285716
2019-02-10,san antonio,56.87333333333333,0.7982142857142857,8.051428571428572,1095224.68,6519.194523809523
2019-02-10,san diego,53.53940119760479,0.678443113772455,5.077365269461078,356308.0,2133.5808383233534
2019-02-10,san jose,46.25838323353293,0.7321556886227545,4.968263473053892,1529857.0,9160.820359281437
2019-02-10,seattle,33.13369047619047,0.7516666666666667,4.829821428571428,253208.0,1507.1904761904761
2019-02-17,dallas,51.22434523809524,0.7033928571428572,8.561309523809523,2111379.94,12567.737738095238
2019-02-17,houston,62.89261904761905,0.7975,7.245297619047619,1697986.46,10107.06226190476
2019-02-17,la,53.44937888198758,0.5914285714285714,5.442111801242236,1694810.0,10526.770186335403
2019-02-17,nyc,38.193214285714284,0.6138690476190476,9.1975,952940.0,5672.261904761905
2019-02-17,philadelphia,37.465714285714284,0.6692857142857143,6.861011904761905,782936.0,4660.333333333333
2019-02-17,phoenix,53.927261904761906,0.4698214285714286,3.210833333333333,492011.0,2928.6369047619046
2019-02-17,san antonio,57.51767857142857,0.7093452380952381,5.894761904761905,959826.6,5713.253571428571
2019-02-17,san diego,55.5883850931677,0.6563975155279503,5.649565217391305,339097.0,2106.192546583851
2019-02-17,san jose,48.65770186335404,0.741304347826087,6.299565217391304,1560938.0,9695.267080745341
2019-02-17,seattle,36.02654761904762,0.8814880952380952,5.050952380952381,233138.0,1387.7261904761904
2019-02-24,dallas,45.951793103448274,0.722896551724138,6.870137931034482,1991712.99,13735.951655172414
2019-02-24,houston,55.94227586206897,0.7784827586206896,7.979448275862069,1560065.57,10759.072896551725
2019-02-24,la,50.47915662650603,0.4894578313253012,4.776746987951808,1776835.0,10703.825301204819
2019-02-24,nyc,42.97970238095238,0.7263690476190476,7.6797023809523814,944777.0,5623.672619047619
2019-02-24,philadelphia,40.98339285714286,0.70875,5.885357142857143,777010.0,4625.059523809524
2019-02-24,phoenix,44.990654761904764,0.6088690476190477,3.498095238095238,508262.0,3025.3690476190477
2019-02-24,san antonio,54.17372413793103,0.6498620689655172,8.512758620689654,884909.02,6102.820827586207
2019-02-24,san diego,50.754216867469886,0.6114457831325302,5.55578313253012,352609.0,2124.1506024096384
2019-02-24,san jose,47.12006024096386,0.5780120481927711,5.793132530120482,1645048.0,9909.927710843374
2019-02-24,seattle,38.044821428571424,0.8403571428571429,4.806607142857143,221496.0,1318.4285714285713
2019-03-03,dallas,45.227380952380955,0.7346428571428572,6.848154761904762,2338951.95,13922.333035714288
2019-03-03,houston,58.41119047619048,0.8688095238095238,5.8359523809523814,1702475.4,10133.782142857142
2019-03-03,la,57.749940476190474,0.75875,3.8361309523809526,1672884.0,9957.642857142857
2019-03-03,nyc,42.450892857142854,0.674702380952381,7.571190476190476,976711.0,5813.755952380952
2019-03-03,philadelphia,37.02827380952381,0.6409523809523809,6.595357142857143,793732.0,4724.5952380952385
2019-03-03,phoenix,60.114940476190476,0.4805952380952381,2.9595238095238097,457027.0,2720.3988095238096
2019-03-03,san antonio,57.6827380952381,0.8145238095238095,7.20720238095238,1002493.25,5967.221726190476
2019-03-03,san diego,57.506904761904764,0.7826785714285714,4.289702380952381,335467.0,1996.827380952381
2019-03-03,san jose,54.05815476190477,0.7683333333333334,6.025595238095238,1264481.0,7526.672619047619
2019-03-03,seattle,37.95333333333333,0.6049404761904762,4.988869047619048,218226.0,1298.9642857142858
2019-03-10,dallas,56.29778443113772,0.6031137724550898,8.23934131736527,2255852.97,13508.101616766467
2019-03-10,houston,57.44131736526946,0.761497005988024,8.034191616766467,1921984.98,11508.892095808384
2019-03-10,la,56.08700680272109,0.7276190476190477,4.796326530612245,1541873.0,10488.931972789116
2019-03-10,nyc,39.43059880239521,0.6576047904191618,7.324071856287426,983815.0,5891.107784431138
2019-03-10,philadelphia,39.91317365269461,0.6825149700598803,5.3904790419161674,814619.0,4877.958083832335
2019-03-10,phoenix,62.51755952380953,0.3786309523809524,3.4063690476190476,437039.0,2601.4226190476193
2019-03-10,san antonio,55.80257485029941,0.6380838323353294,7.858323353293413,1131565.19,6775.839461077844
2019-03-10,san diego,57.59469387755102,0.7459863945578231,5.19374149659864,295233.0,2008.3877551020407
2019-03-10,san jose,51.596054421768706,0.7605442176870748,5.850204081632653,1031499.0,7017.0
2019-03-10,seattle,37.005628742514965,0.6616766467065869,4.399580838323353,219893.0,1316.7245508982037
2019-03-17,dallas,57.301071428571426,0.5827380952380953,8.714464285714286,1839380.49,10948.693392857143
2019-03-17,houston,65.62279761904762,0.6785119047619047,8.468869047619048,1728440.96,10288.339047619047
2019-03-17,la,61.53994011976048,0.3944910179640718,4.364550898203593,1676861.0,10041.08383233533
2019-03-17,nyc,44.383988095238095,0.5868452380952381,9.471130952380953,911667.0,5426.589285714285
2019-03-17,philadelphia,47.236130952380954,0.5523809523809524,8.475654761904762,699410.0,4163.1547619047615
2019-03-17,phoenix,59.228750000000005,0.44976190476190475,4.9713690476190475,443485.0,2639.7916666666665
2019-03-17,san antonio,63.88357142857143,0.5726785714285715,9.440000000000001,911270.19,5424.2273214285715
2019-03-17,san diego,57.93209580838323,0.6018562874251497,4.335568862275449,321996.0,1928.1197604790418
2019-03-17,san jose,53.51221556886227,0.5832934131736527,5.246586826347305,1171839.0,7017.0
2019-03-17,seattle,44.933571428571426,0.7316071428571428,4.0616666666666665,200171.0,1191.4940476190477
2019-03-24,dallas,61.61075862068965,0.5051724137931034,5.623034482758621,1545972.52,10661.879448275862
2019-03-24,houston,63.16420689655172,0.5740689655172413,4.857103448275862,1450201.04,10001.38648275862
2019-03-24,la,59.850833333333334,0.6663095238095238,4.163095238095238,1659938.0,9880.583333333334
2019-03-24,nyc,43.12345238095238,0.5658928571428572,9.212916666666667,910876.0,5421.880952380952
2019-03-24,philadelphia,43.21821428571428,0.5376785714285715,7.830416666666666,719626.0,4283.488095238095
2019-03-24,phoenix,65.74857142857142,0.3525595238095238,3.4439880952380952,428555.0,2550.9226190476193
2019-03-24,san antonio,62.02862068965517,0.6287586206896552,6.019172413793103,771385.47,5319.899793103448
2019-03-24,san diego,58.38880952380952,0.7570833333333333,4.7159523809523805,315120.0,1875.7142857142858
2019-03-24,san jose,56.723571428571425,0.6452976190476191,4.541071428571429,1266399.0,7538.089285714285
2019-03-24,seattle,55.07654761904762,0.5880952380952381,5.013988095238095,171500.0,1020.8333333333334
2019-03-31,dallas,62.04595238095238,0.6285714285714287,10.160178571428572,1788202.84,10644.064523809524
2019-03-31,houston,66.23583333333333,0.7002976190476191,7.830357142857143,1708462.47,10169.419464285715
2019-03-31,la,62.545773809523816,0.5599404761904763,4.321428571428571,1657617.0,9866.767857142857
2019-03-31,nyc,47.31511904761904,0.5576190476190477,7.905892857142858,885976.0,5273.666666666667
2019-03-31,philadelphia,49.38857142857143,0.5414880952380953,6.527083333333333,678343.0,4037.7559523809523
2019-03-31,phoenix,68.89750000000001,0.2463095238095238,3.5010119047619046,433903.0,2582.7559523809523
2019-03-31,san antonio,66.34136904761905,0.6576785714285714,9.998333333333333,913032.22,5434.715595238095
2019-03-31,san diego,60.42315476190476,0.7211309523809524,4.964047619047619,311636.0,1854.9761904761904
2019-03-31,san jose,56.768571428571434,0.6717261904761905,5.287916666666667,1503326.0,8948.369047619048
2019-03-31,seattle,50.66154761904762,0.6875595238095238,4.517678571428571,174149.0,1036.6011904761904
2019-04-07,dallas,61.41125,0.7013095238095238,6.988571428571428,1817861.92,10820.606666666667
2019-04-07,houston,64.60910714285714,0.7957738095238095,6.289583333333334,1774727.21,10563.85244047619
2019-04-07,la,63.16011904761905,0.6138095238095238,4.3394642857142856,1698643.0,10110.970238095239
2019-04-07,nyc,47.31827380952381,0.5301190476190476,8.890357142857143,879027.0,5232.303571428572
2019-04-07,philadelphia,48.601309523809526,0.5167857142857143,7.016130952380952,675453.0,4020.5535714285716
2019-04-07,phoenix,69.63440476190476,0.2729761904761905,3.6697023809523808,440759.0,2623.565476190476
2019-04-07,san antonio,64.9082738095238,0.7130952380952381,6.913214285714286,949635.74,5652.59369047619
2019-04-07,san diego,61.83119047619047,0.7054761904761906,4.580297619047619,315005.0,1875.029761904762
2019-04-07,san jose,58.79648809523809,0.7188690476190476,4.7351785714285715,1604811.0,9552.44642857143
2019-04-07,seattle,52.60476190476191,0.709047619047619,6.5164285714285715,170182.0,1012.9880952380952
2019-04-14,dallas,65.4317261904762,0.6045238095238096,9.21297619047619,1858562.96,11062.87476190476
2019-04-14,houston,70.64220238095238,0.7212500000000001,8.881964285714286,1827752.3,10879.477976190476
2019-04-14,la,67.90654545454545,0.4302424242424242,5.8643636363636364,1689912.0,10241.89090909091
2019-04-14,nyc,54.16809523809523,0.7188095238095238,7.544702380952381,872705.0,5194.672619047619
2019-04-14,philadelphia,60.76303571428572,0.6622619047619048,7.124404761904763,642251.0,3822.9226190476193
2019-04-14,phoenix,70.39613095238094,0.24601190476190476,4.21875,453265.0,2698.0059523809523
2019-04-14,san antonio,68.7975,0.5897619047619047,8.06029761904762,965179.27,5745.114702380953
2019-04-14,san diego,63.52939393939394,0.6518181818181819,4.976727272727272,302135.0,1831.121212121212
2019-04-14,san jose,59.281939393939396,0.664,6.674666666666666,1423970.0,8630.121212121212
2019-04-14,seattle,48.61827380952381,0.8360714285714286,5.590178571428571,176351.0,1049.7083333333333
2019-04-21,dallas,65.85547619047618,0.6738690476190476,10.89595238095238,1793932.02,10678.166785714286
2019-04-21,houston,68.13113095238096,0.6829166666666667,8.442678571428573,1747009.91,10398.868511904762
2019-04-21,la,62.100181818181824,0.658969696969697,4.2884242424242425,1723787.0,10447.19393939394
2019-04-21,nyc,56.50607142857143,0.7075595238095238,10.757202380952382,850281.0,5061.196428571428
2019-04-21,philadelphia,61.59172619047619,0.6632738095238095,9.368333333333334,634689.0,3777.910714285714
2019-04-21,phoenix,73.68011904761904,0.30601190476190476,3.9504166666666665,461655.0,2747.9464285714284
2019-04-21,san antonio,68.60732142857144,0.6526190476190477,9.962321428571428,938823.77,5588.2367261904765
2019-04-21,san diego,61.49066666666666,0.7181212121212122,5.246969696969697,299508.0,1815.2
2019-04-21,san jose,59.387757575757576,0.6652121212121213,5.16060606060606,1629094.0,9873.29696969697
2019-04-21,seattle,51.37333333333333,0.7951785714285714,5.558928571428571,169675.0,1009.9702380952381
2019-04-28,dallas,70.41875862068964,0.701103448275862,8.337310344827587,1639012.37,11303.533586206897
2019-04-28,houston,73.39689655172413,0.7186206896551725,7.303586206896552,1654119.19,11407.718551724138
2019-04-28,la,63.58589285714286,0.7092261904761905,4.039226190476191,1810354.0,10775.916666666666
2019-04-28,nyc,56.97690476190477,0.7005952380952382,7.809464285714286,839309.0,4995.886904761905
2019-04-28,philadelphia,61.11595238095238,0.6248214285714285,7.043690476190475,629799.0,3748.8035714285716
2019-04-28,phoenix,79.6372619047619,0.20214285714285715,3.295059523809524,525649.0,3128.8630952380954
2019-04-28,san antonio,71.87524137931034,0.6981379310344827,8.944,861392.58,5940.638482758621
2019-04-28,san diego,61.94190476190476,0.7558928571428571,4.348392857142857,307673.0,1831.3869047619048
2019-04-28,san jose,66.04529761904762,0.5962500000000001,4.937083333333333,1794515.0,10681.636904761905
2019-04-28,seattle,51.021011904761906,0.699047619047619,5.498154761904762,167335.0,996.0416666666666
2019-05-05,dallas,72.11863095238095,0.803154761904762,8.454404761904762,1985152.49,11816.383869047619
2019-05-05,houston,76.80988095238095,0.8084523809523809,9.199464285714285,2070067.04,12321.827619047619
2019-05-05,la,61.93619047619048,0.7082738095238096,4.237976190476191,1749117.0,10411.410714285714
2019-05-05,nyc,53.58095238095238,0.8099404761904762,6.132619047619047,847601.0,5045.244047619048
2019-05-05,philadelphia,58.46470238095238,0.7670833333333333,5.507976190476191,636368.0,3787.904761904762
2019-05-05,phoenix,76.37321428571428,0.2654166666666667,3.5494047619047615,495705.0,2950.625
2019-05-05,san antonio,74.29678571428572,0.7935119047619048,9.605833333333333,1047833.77,6237.105773809524
2019-05-05,san diego,61.58071428571428,0.7502380952380953,5.0442261904761905,313350.0,1865.1785714285713
2019-05-05,san jose,59.93071428571429,0.6127976190476191,5.369166666666667,1679904.0,9999.42857142857
2019-05-05,seattle,53.75803571428572,0.6148214285714286,4.889404761904761,163091.0,970.7797619047619
2019-05-12,dallas,66.66154761904761,0.8064880952380953,7.437440476190476,1873139.53,11149.64005952381
2019-05-12,houston,73.93464285714286,0.887202380952381,6.842916666666666,1977342.07,11769.893273809525
2019-05-12,la,62.520736196319014,0.7012269938650306,3.777852760736196,1708682.0,10482.711656441717
2019-05-12,nyc,58.270833333333336,0.7448809523809524,8.431666666666667,852977.0,5077.244047619048
2019-05-12,philadelphia,61.163809523809526,0.7861904761904762,6.697440476190477,643797.0,3832.125
2019-05-12,phoenix,73.01523809523809,0.36232142857142857,4.007142857142857,476979.0,2839.160714285714
2019-05-12,san antonio,70.8379761904762,0.8257142857142857,8.183869047619048,984695.0599999999,5861.280119047618
2019-05-12,san diego,62.206993865030675,0.7649693251533742,4.651779141104295,310791.0,1906.6932515337423
2019-05-12,san jose,60.30257668711656,0.7260736196319019,5.27079754601227,1684253.0,10332.840490797545
2019-05-12,seattle,62.86482142857143,0.6007142857142858,4.515178571428571,162130.0,965.0595238095239
2019-05-19,dallas,74.68160714285715,0.7089880952380953,7.373511904761905,2146621.05,12777.506249999999
2019-05-19,houston,77.05720238095239,0.7572619047619048,6.98,2128798.8,12671.421428571428
2019-05-19,la,62.792321428571434,0.7019047619047619,4.613988095238095,1738028.0,10345.404761904761
2019-05-19,nyc,58.01202380952381,0.7193452380952381,7.333869047619047,871136.0,5185.333333333333
2019-05-19,philadelphia,61.19880952380952,0.6936309523809524,6.0477380952380955,663786.0,3951.1071428571427
2019-05-19,phoenix,77.13291666666666,0.2575,4.150416666666667,514450.0,3062.2023809523807
2019-05-19,san antonio,76.14666666666666,0.7872619047619047,7.2718452380952385,1143315.83,6805.45136904762
2019-05-19,san diego,62.4120238095238,0.7396428571428572,5.268511904761905,314504.0,1872.047619047619
2019-05-19,san jose,57.15779761904762,0.7369642857142857,5.931904761904762,1751905.0,10428.005952380952
2019-05-19,seattle,57.28553571428571,0.7394642857142857,4.975714285714285,159737.0,950.8154761904761
2019-05-26,dallas,78.16131034482758,0.7310344827586207,10.887724137931034,2077874.8699999999,14330.171517241379
2019-05-26,houston,82.18855172413794,0.8040689655172414,11.456275862068965,2095252.56,14450.017655172414
2019-05-26,la,60.61470238095238,0.6602976190476191,4.930059523809524,1683619.0,10021.541666666666
2019-05-26,nyc,67.15565476190476,0.6189285714285715,9.412857142857142,925650.0,5509.821428571428
2019-05-26,philadelphia,70.11369047619048,0.6008333333333333,7.623095238095239,708718.0,4218.559523809524
2019-05-26,phoenix,69.04285714285714,0.29750000000000004,4.82875,444244.0,2644.309523809524
2019-05-26,san antonio,81.07772413793104,0.7050344827586207,13.367034482758621,1111060.28,7662.484689655173
2019-05-26,san diego,60.47494047619048,0.7193452380952381,6.37547619047619,307069.0,1827.7916666666667
2019-05-26,san jose,58.71619047619048,0.715654761904762,6.238273809523809,1654479.0,9848.089285714286
2019-05-26,seattle,57.596785714285716,0.7722023809523809,5.12125,157506.0,937.5357142857143
2019-06-02,dallas,78.25172619047619,0.7495833333333334,7.5980357142857144,2312647.8,13765.760714285712
2019-06-02,houston,82.48470238095238,0.7764285714285715,6.929166666666666,2428013.6,14452.461904761905
2019-06-02,la,62.14416666666666,0.7032142857142857,4.0512500000000005,1702906.0,10136.345238095239
2019-06-02,nyc,67.65410714285714,0.7547619047619047,6.123928571428571,951797.0,5665.458333333333
2019-06-02,philadelphia,73.52220238095238,0.7245238095238096,5.009166666666666,776302.0,4620.8452380952385
2019-06-02,phoenix,77.92178571428572,0.22452380952380951,4.078333333333333,519634.0,3093.059523809524
2019-06-02,san antonio,81.28267857142858,0.7324404761904761,10.04642857142857,1292706.75,7694.683035714285
2019-06-02,san diego,61.34410714285714,0.7466071428571429,4.7025,299766.0,1784.3214285714287
2019-06-02,san jose,61.5427380952381,0.7285714285714286,5.295952380952381,1746124.0,10393.595238095239
2019-06-02,seattle,61.82839285714286,0.7301785714285715,3.8861309523809524,156144.0,929.4285714285714
2019-06-09,dallas,79.94434523809524,0.7620833333333333,5.38577380952381,2451539.62,14592.497738095239
2019-06-09,houston,82.9589880952381,0.7573809523809524,5.635833333333333,2457736.3,14629.382738095237
2019-06-09,la,65.79166666666667,0.7416071428571429,3.868154761904762,1920122.0,11429.297619047618
2019-06-09,nyc,68.97940476190476,0.6238690476190476,7.700059523809523,993691.0,5914.827380952381
2019-06-09,philadelphia,70.92309523809524,0.6145833333333334,6.779583333333333,752610.0,4479.821428571428
2019-06-09,phoenix,86.46779761904762,0.18916666666666668,3.6948214285714287,619267.0,3686.1130952380954
2019-06-09,san antonio,82.37107142857143,0.7314880952380952,5.535238095238095,1330964.09,7922.405297619048
2019-06-09,san diego,62.928511904761905,0.8132738095238095,4.480178571428572,317510.0,1889.9404761904761
2019-06-09,san jose,68.46178571428571,0.5631547619047619,5.340595238095238,2025909.0,12058.982142857143
2019-06-09,seattle,57.57071428571428,0.6861309523809525,5.243154761904762,157281.0,936.1964285714286
2019-06-16,dallas,77.8897619047619,0.6169642857142857,8.748035714285715,2307664.08,13736.095714285715
2019-06-16,houston,83.09208333333333,0.6567857142857143,7.03922619047619,2460747.92,14647.309047619046
2019-06-16,la,70.45886904761905,0.670952380952381,4.009285714285714,2118134.0,12607.940476190477
2019-06-16,nyc,67.62047619047618,0.6807142857142857,9.471428571428572,949180.0,5649.880952380952
2019-06-16,philadelphia,69.22267857142857,0.6717857142857143,8.450833333333334,707896.0,4213.666666666667
2019-06-16,phoenix,92.03017857142856,0.15952380952380954,3.7685714285714287,710797.0,4230.934523809524
2019-06-16,san antonio,79.68130952380952,0.6893452380952381,8.513452380952382,1262294.01,7513.654821428571
2019-06-16,san diego,65.56529761904761,0.787797619047619,4.682738095238095,339823.0,2022.7559523809523
2019-06-16,san jose,73.2895238095238,0.5467857142857143,5.011964285714286,2252779.0,13409.39880952381
2019-06-16,seattle,66.16654761904762,0.6453571428571429,4.828690476190476,164573.0,979.6011904761905
2019-06-23,dallas,83.20214285714285,0.7482142857142857,9.713035714285715,2748505.27,16360.150416666667
2019-06-23,houston,84.27166666666666,0.8091666666666667,8.449166666666667,2607690.06,15521.964642857143
2019-06-23,la,65.69714285714286,0.7586904761904762,4.128392857142858,1904982.0,11339.17857142857
2019-06-23,nyc,70.73345238095237,0.8002380952380952,6.603630952380953,1044465.0,6217.053571428572
2019-06-23,philadelphia,73.98089285714286,0.7799999999999999,5.647797619047619,813748.0,4843.738095238095
2019-06-23,phoenix,88.48452380952381,0.15839285714285714,3.9056547619047617,657342.0,3912.75
2019-06-23,san antonio,83.41375000000001,0.745297619047619,9.657619047619047,1423318.21,8472.132202380952
2019-06-23,san diego,64.08297619047619,0.7853571428571429,4.674880952380953,323787.0,1927.3035714285713
2019-06-23,san jose,67.95380952380953,0.6361904761904762,5.7908333333333335,2119063.0,12613.470238095239
2019-06-23,seattle,60.04333333333334,0.7366666666666667,4.615952380952381,158080.0,940.952380952381
2019-06-30,dallas,80.6594642857143,0.7629761904761905,6.574761904761904,2599624.92,15473.957857142857
2019-06-30,houston,79.67107142857142,0.8482738095238095,5.042023809523809,2289732.21,13629.358392857142
2019-06-30,la,67.88245508982037,0.7157485029940119,3.992634730538922,1950414.0,11679.125748502995
2019-06-30,nyc,78.1375,0.6488690476190476,5.918035714285715,1251782.0,7451.083333333333
2019-06-30,philadelphia,79.5077380952381,0.646547619047619,5.272440476190476,929280.0,5531.428571428572
2019-06-30,phoenix,90.72767857142857,0.15083333333333332,3.716130952380952,707279.0,4209.994047619048
2019-06-30,san antonio,80.08386904761905,0.7613690476190476,7.035297619047619,1267511.88,7544.7135714285705
2019-06-30,san diego,65.92215568862275,0.777245508982036,4.772155688622755,333180.0,1995.0898203592815
2019-06-30,san jose,66.57371257485029,0.5737125748502994,5.739101796407185,1973569.0,11817.778443113772
2019-06-30,seattle,61.7714880952381,0.6914880952380953,4.181666666666667,158132.0,941.2619047619048
2019-07-07,dallas,83.28107142857142,0.7560714285714285,7.797440476190476,2712877.07,16148.077797619047
2019-07-07,houston,83.84970238095238,0.7807738095238095,5.40625,2471068.64,14708.741904761906
2019-07-07,la,69.49289156626506,0.6832530120481928,4.1646987951807235,1971013.0,11873.572289156626
2019-07-07,nyc,77.97535714285715,0.732202380952381,6.228690476190477,1257734.0,7486.511904761905
2019-07-07,philadelphia,79.03238095238096,0.7513690476190477,4.732916666666666,923867.0,5499.208333333333
2019-07-07,phoenix,93.48410714285714,0.16499999999999998,3.6186904761904763,726334.0,4323.416666666667
2019-07-07,san antonio,82.25339285714286,0.7498214285714285,8.83797619047619,1363644.5,8116.931547619048
2019-07-07,san diego,66.34813253012048,0.7580722891566265,4.944578313253012,321961.0,1939.5240963855422
2019-07-07,san jose,65.5394578313253,0.6305421686746988,5.270301204819277,1965717.0,11841.668674698794
2019-07-07,seattle,62.97410714285714,0.7449404761904762,3.665,152939.0,910.3511904761905
2019-07-14,dallas,85.68660714285714,0.6673809523809524,7.176428571428572,2818585.64,16777.295476190477
2019-07-14,houston,86.6360119047619,0.7174404761904762,6.348154761904762,2643748.55,15736.59851190476
2019-07-14,la,71.08619047619047,0.6845238095238095,3.941011904761905,2224300.0,13239.880952380952
2019-07-14,nyc,77.87035714285715,0.6971428571428572,6.577142857142857,1278352.0,7609.238095238095
2019-07-14,philadelphia,77.97297619047619,0.7348214285714286,4.899583333333333,912316.0,5430.452380952381
2019-07-14,phoenix,95.1522619047619,0.15583333333333332,4.161904761904762,784192.0,4667.809523809524
2019-07-14,san antonio,85.35125000000001,0.649702380952381,6.26672619047619,1461454.97,8699.136726190476
2019-07-14,san diego,67.20125,0.7848809523809525,4.79827380952381,355916.0,2118.5476190476193
2019-07-14,san jose,66.53803571428571,0.6820833333333334,5.763869047619048,2137163.0,12721.208333333334
2019-07-14,seattle,65.73547619047619,0.7602380952380953,3.8024404761904758,160730.0,956.7261904761905
2019-07-21,dallas,87.21172619047618,0.6360119047619048,9.628809523809524,3029072.84,18030.195476190474
2019-07-21,houston,86.07714285714285,0.7652380952380953,7.292321428571428,2670952.11,15898.524464285714
2019-07-21,la,71.41416666666666,0.6945238095238095,4.086309523809524,2265663.0,13486.089285714286
2019-07-21,nyc,82.00005952380953,0.7099404761904762,6.60922619047619,1442931.0,8588.875
2019-07-21,philadelphia,83.67244047619047,0.704404761904762,4.795238095238095,1059603.0,6307.160714285715
2019-07-21,phoenix,95.98541666666667,0.22517857142857142,4.18547619047619,832813.0,4957.2202380952385
2019-07-21,san antonio,85.66809523809523,0.6610714285714285,10.552380952380952,1512468.68,9002.789761904762
2019-07-21,san diego,67.50815476190476,0.7972023809523809,5.1223809523809525,361936.0,2154.3809523809523
2019-07-21,san jose,69.19392857142857,0.6383928571428571,5.98672619047619,2203010.0,13113.154761904761
2019-07-21,seattle,64.75125748502994,0.7173652694610778,5.031796407185628,159953.0,957.8023952095808
2019-07-28,dallas,82.68386904761904,0.5601190476190476,6.612738095238096,2657122.71,15816.206607142856
2019-07-28,houston,82.44613095238095,0.6847619047619048,5.972916666666667,2426037.28,14440.698095238095
2019-07-28,la,78.35636904761905,0.5467261904761904,3.8976190476190475,2599582.0,15473.702380952382
2019-07-28,nyc,77.3677380952381,0.7088095238095238,5.906130952380953,1278401.0,7609.5297619047615
2019-07-28,philadelphia,77.98767857142857,0.6855952380952381,4.1780357142857145,908990.0,5410.6547619047615
2019-07-28,phoenix,96.44172619047619,0.31839285714285714,4.269345238095238,851912.0,5070.9047619047615
2019-07-28,san antonio,82.77416666666666,0.5523214285714286,7.0598809523809525,1373687.86,8176.713452380953
2019-07-28,san diego,73.32065476190476,0.7549404761904762,4.561904761904762,447211.0,2661.970238095238
2019-07-28,san jose,74.47535714285715,0.520952380952381,4.792916666666667,2403789.0,14308.267857142857
2019-07-28,seattle,67.48380952380953,0.6552380952380952,4.774285714285715,164349.0,978.2678571428571
2019-08-04,dallas,86.50952380952381,0.6629166666666667,6.284345238095238,2928634.24,17432.346666666668
2019-08-04,houston,84.96261904761904,0.7449404761904762,4.2577380952380945,2559615.92,15235.809047619046
2019-08-04,la,73.77000000000001,0.6676785714285715,3.887797619047619,2441866.0,14534.916666666666
2019-08-04,nyc,79.60702380952381,0.7017857142857143,5.748095238095238,1348418.0,8026.297619047619
2019-08-04,philadelphia,80.76333333333334,0.6951785714285714,4.0339880952380955,974294.0,5799.369047619048
2019-08-04,phoenix,94.67994047619047,0.3611904761904762,3.8398214285714287,833818.0,4963.202380952381
2019-08-04,san antonio,86.47934523809525,0.6045238095238096,6.779821428571428,1521819.25,9058.447916666666
2019-08-04,san diego,69.14440476190477,0.8095238095238095,4.537083333333333,395580.0,2354.6428571428573
2019-08-04,san jose,68.09898809523808,0.6699404761904761,5.316904761904762,2237797.0,13320.220238095239
2019-08-04,seattle,68.31565476190477,0.6577976190476191,5.221785714285714,166979.0,993.922619047619
2019-08-11,dallas,89.50791666666666,0.6176785714285714,6.935654761904762,3170147.92,18869.928095238094
2019-08-11,houston,87.5169642857143,0.7202380952380952,5.841309523809524,2726305.39,16228.008273809524
2019-08-11,la,72.39339285714286,0.6702976190476191,3.9791666666666665,2341730.0,13938.869047619048
2019-08-11,nyc,75.5725,0.704404761904762,6.816547619047619,1197800.0,7129.761904761905
2019-08-11,philadelphia,77.38321428571427,0.66875,4.892321428571428,882835.0,5254.9702380952385
2019-08-11,phoenix,93.92244047619047,0.3273809523809524,3.9627380952380955,803519.0,4782.851190476191
2019-08-11,san antonio,88.02779761904762,0.6213690476190477,8.80952380952381,1610067.85,9583.737202380953
2019-08-11,san diego,69.36357142857143,0.7958333333333333,4.6311309523809525,394250.0,2346.7261904761904
2019-08-11,san jose,68.51994047619048,0.6739880952380952,5.474464285714286,2152883.0,12814.779761904761
2019-08-11,seattle,66.96630952380953,0.7214880952380953,4.0284523809523805,164323.0,978.1130952380952
2019-08-18,dallas,89.65571428571428,0.5985119047619047,7.2422619047619055,3197395.55,19032.116369047617
2019-08-18,houston,87.29113095238095,0.7446428571428572,5.457261904761905,2756212.88,16406.029047619046
2019-08-18,la,71.41449101796407,0.6911976047904193,3.9346706586826348,2310310.0,13834.191616766468
2019-08-18,nyc,76.28357142857142,0.7978571428571428,5.8029761904761905,1231024.0,7327.523809523809
2019-08-18,philadelphia,77.79363095238095,0.7848214285714286,3.987202380952381,904296.0,5382.714285714285
2019-08-18,phoenix,95.2954761904762,0.18154761904761904,3.273392857142857,802458.0,4776.535714285715
2019-08-18,san antonio,88.83202380952382,0.5855357142857143,7.51375,1635201.06,9733.339642857143
2019-08-18,san diego,67.97622754491019,0.7995808383233532,4.690359281437125,374706.0,2243.748502994012
2019-08-18,san jose,75.72898203592814,0.4955688622754491,5.457664670658683,2356825.0,14112.724550898203
2019-08-18,seattle,67.46589285714286,0.7022619047619048,3.9400595238095235,164471.0,978.9940476190476
2019-08-25,dallas,88.8639880952381,0.6050595238095239,6.627857142857143,3122515.19,18586.39994047619
2019-08-25,houston,84.66678571428572,0.7855357142857142,4.817440476190477,2555849.78,15213.391547619047
2019-08-25,la,73.6785628742515,0.6512574850299402,3.8764670658682636,2326999.0,13934.125748502995
2019-08-25,nyc,76.10357142857143,0.7383928571428571,6.795357142857142,1235467.0,7353.9702380952385
2019-08-25,philadelphia,76.6777380952381,0.7359523809523809,4.9816071428571425,888821.0,5290.601190476191
2019-08-25,phoenix,92.10404761904762,0.2804761904761905,3.957261904761905,812747.0,4837.7797619047615
2019-08-25,san antonio,86.82684523809523,0.6410119047619047,7.489880952380952,1568740.47,9337.740892857142
2019-08-25,san diego,70.05329341317365,0.7822155688622754,4.930538922155688,393561.0,2356.6526946107783
2019-08-25,san jose,69.58964071856288,0.6996407185628742,5.272035928143712,2244505.0,13440.149700598802
2019-08-25,seattle,64.48321428571428,0.7355357142857143,4.1049999999999995,159488.0,949.3333333333334
2019-09-01,dallas,83.78797619047619,0.7119642857142857,6.057738095238095,2808841.63,16719.295416666668
2019-09-01,houston,84.88297619047619,0.7810714285714285,4.402440476190476,2556220.58,15215.59869047619
2019-09-01,la,76.59839285714285,0.6231547619047619,3.8127976190476187,2564531.0,15265.065476190477
2019-09-01,nyc,71.91928571428572,0.6758928571428571,7.092083333333333,1043294.0,6210.083333333333
2019-09-01,philadelphia,72.22458333333333,0.6696428571428571,5.068690476190476,754449.0,4490.767857142857
2019-09-01,phoenix,95.54369047619048,0.3310119047619048,3.8886309523809524,845463.0,5032.517857142857
2019-09-01,san antonio,87.29755952380953,0.6242261904761905,7.437380952380953,1539438.53,9163.324583333333
2019-09-01,san diego,72.86083333333333,0.7776190476190477,4.183928571428571,439265.0,2614.6726190476193
2019-09-01,san jose,72.2670238095238,0.579404761904762,4.621785714285714,2303532.0,13711.5
2019-09-01,seattle,67.89404761904763,0.6980357142857143,5.1952380952380945,165156.0,983.0714285714286
2019-09-08,dallas,87.99648809523809,0.5322023809523809,4.712976190476191,2902484.95,17276.696130952383
2019-09-08,houston,86.42952380952381,0.6544047619047619,5.213690476190476,2569343.67,15293.712321428571
2019-09-08,la,79.31696428571429,0.5361904761904762,3.804642857142857,2624888.0,15624.333333333334
2019-09-08,nyc,70.60041666666667,0.7333928571428572,7.768035714285714,1038395.0,6180.922619047619
2019-09-08,philadelphia,71.73458333333333,0.7197023809523809,5.819642857142857,762316.0,4537.5952380952385
2019-09-08,phoenix,95.17833333333333,0.3086904761904762,4.1222619047619045,826023.0,4916.803571428572
2019-09-08,san antonio,86.18529761904763,0.5926190476190476,6.925714285714285,1499198.22,8923.798928571428
2019-09-08,san diego,75.66565476190476,0.7427380952380952,4.169464285714286,477638.0,2843.0833333333335
2019-09-08,san jose,67.80267857142857,0.6580952380952381,5.333690476190476,2160243.0,12858.589285714286
2019-09-08,seattle,65.76321428571428,0.764345238095238,4.294702380952381,161560.0,961.6666666666666
2019-09-15,dallas,85.96470238095237,0.5950595238095238,7.12577380952381,2854877.8,16993.320238095235
2019-09-15,houston,84.86434523809524,0.717202380952381,5.455357142857143,2450622.13,14587.036488095237
2019-09-15,la,75.06380952380952,0.5786309523809524,4.096845238095238,2312629.0,13765.64880952381
2019-09-15,nyc,71.87696428571428,0.7597619047619047,7.755238095238094,1071316.0,6376.880952380952
2019-09-15,philadelphia,73.22999999999999,0.7439880952380953,5.452857142857143,789642.0,4700.25
2019-09-15,phoenix,88.3575,0.33630952380952384,4.143571428571429,711128.0,4232.9047619047615
2019-09-15,san antonio,83.29904761904761,0.6551190476190476,8.00077380952381,1406833.96,8374.011666666667
2019-09-15,san diego,71.41083333333333,0.7308333333333333,4.720416666666667,409260.0,2436.0714285714284
2019-09-15,san jose,71.36059523809524,0.5289880952380953,4.765476190476191,2104480.0,12526.666666666666
2019-09-15,seattle,62.62380952380952,0.8260119047619048,5.879404761904762,159344.0,948.4761904761905
2019-09-22,dallas,83.51583333333333,0.6989285714285715,8.18345238095238,2750981.59,16374.890416666665
2019-09-22,houston,79.79261904761904,0.905595238095238,7.148035714285713,2244667.2,13361.114285714288
2019-09-22,la,72.86505952380952,0.6091666666666666,4.163392857142857,2147146.0,12780.630952380952
2019-09-22,nyc,68.56184523809523,0.6191071428571429,6.189107142857143,982150.0,5846.130952380952
2019-09-22,philadelphia,68.93714285714286,0.6252380952380953,3.977142857142857,705788.0,4201.119047619048
2019-09-22,phoenix,84.8289880952381,0.28035714285714286,3.6697023809523808,636933.0,3791.2678571428573
2019-09-22,san antonio,85.48910714285714,0.6314880952380952,8.233690476190477,1455390.01,8663.035773809524
2019-09-22,san diego,69.50720238095238,0.7685714285714286,4.002321428571428,387583.0,2307.0416666666665
2019-09-22,san jose,67.78404761904761,0.5920833333333333,4.942142857142857,1951262.0,11614.654761904761
2019-09-22,seattle,59.14714285714285,0.8403571428571429,4.364464285714286,157664.0,938.4761904761905
2019-09-29,dallas,85.49821428571428,0.6599999999999999,9.341130952380952,2883732.96,17165.077142857142
2019-09-29,houston,81.99517857142857,0.8232142857142858,5.57577380952381,2346266.54,13965.872261904762
2019-09-29,la,71.43766467065868,0.6746107784431138,4.220958083832335,2079052.0,12449.413173652694
2019-09-29,nyc,71.54678571428572,0.6841071428571429,7.3969047619047625,1061210.0,6316.726190476191
2019-09-29,philadelphia,72.51184523809523,0.6750595238095238,5.363273809523809,744340.0,4430.5952380952385
2019-09-29,phoenix,77.50952380952381,0.582202380952381,3.9145238095238093,567988.0,3380.8809523809523
2019-09-29,san antonio,84.73910714285714,0.6580357142857143,8.505892857142857,1463016.18,8708.429642857143
2019-09-29,san diego,69.31748502994012,0.7798802395209581,4.776586826347306,383107.0,2294.053892215569
2019-09-29,san jose,69.48982035928144,0.5607185628742515,5.251317365269461,2065253.0,12366.784431137725
2019-09-29,seattle,56.839166666666664,0.8004761904761905,5.307083333333334,158675.0,944.4940476190476
2019-10-06,dallas,84.1472619047619,0.6491666666666667,7.738333333333333,2745372.33,16341.501964285715
2019-10-06,houston,82.78761904761905,0.7775000000000001,5.234642857142857,2369596.94,14104.74369047619
2019-10-06,la,67.05357142857143,0.5302380952380952,3.9416071428571433,1834293.0,10918.410714285714
2019-10-06,nyc,64.5014880952381,0.7133928571428572,9.401845238095238,954778.0,5683.202380952381
2019-10-06,philadelphia,66.32005952380953,0.71375,6.785714285714286,688559.0,4098.565476190476
2019-10-06,phoenix,78.08119047619047,0.30339285714285713,3.457738095238095,535937.0,3190.1011904761904
2019-10-06,san antonio,82.9897619047619,0.6695238095238095,6.974642857142857,1405320.78,8365.004642857142
2019-10-06,san diego,65.05916666666667,0.6906547619047619,4.130714285714286,331529.0,1973.3869047619048
2019-10-06,san jose,60.659523809523805,0.5057738095238096,4.489464285714286,1761908.0,10487.547619047618
2019-10-06,seattle,52.44220238095239,0.71125,4.630238095238095,166525.0,991.2202380952381
2019-10-13,dallas,67.48916666666666,0.5718452380952381,9.121309523809524,2027526.53,12068.610297619049
2019-10-13,houston,73.08720238095238,0.7261904761904762,7.2075,1980356.02,11787.833452380952
2019-10-13,la,70.4772619047619,0.3980357142857143,4.0130357142857145,1895675.0,11283.779761904761
2019-10-13,nyc,61.844166666666666,0.6765476190476191,10.985833333333332,864800.0,5147.619047619048
2019-10-13,philadelphia,62.30988095238095,0.6382142857142857,7.67952380952381,614117.0,3655.4583333333335
2019-10-13,phoenix,77.06011904761905,0.20404761904761906,4.236488095238095,512895.0,3052.9464285714284
2019-10-13,san antonio,73.58345238095238,0.5410714285714286,9.563571428571429,1122599.47,6682.139702380952
2019-10-13,san diego,66.99910714285714,0.690952380952381,3.691547619047619,342472.0,2038.5238095238096
2019-10-13,san jose,66.74946428571428,0.3423809523809524,4.228154761904762,1741166.0,10364.083333333334
2019-10-13,seattle,49.571845238095236,0.7155357142857144,5.024523809523809,175938.0,1047.25
2019-10-20,dallas,67.70380952380953,0.6602380952380953,6.680535714285714,1915087.59,11399.330892857144
2019-10-20,houston,73.88642857142857,0.8072023809523811,5.386607142857143,1971209.41,11733.389345238094
2019-10-20,la,68.94154761904763,0.5291071428571429,4.108690476190477,1854559.0,11039.041666666666
2019-10-20,nyc,57.57875,0.6730357142857143,8.521785714285715,849543.0,5056.803571428572
2019-10-20,philadelphia,56.131666666666675,0.6864285714285715,6.748571428571428,619872.0,3689.714285714286
2019-10-20,phoenix,75.89470238095238,0.25523809523809526,3.9321428571428574,510382.0,3037.9880952380954
2019-10-20,san antonio,74.16535714285715,0.64375,5.12702380952381,1100895.61,6552.9500595238105
2019-10-20,san diego,66.13369047619047,0.7482142857142857,4.223154761904762,343627.0,2045.3988095238096
2019-10-20,san jose,59.44428571428571,0.6370238095238095,4.27125,1729617.0,10295.339285714286
2019-10-20,seattle,51.09458333333333,0.8382738095238096,6.6692857142857145,176034.0,1047.8214285714287
2019-10-27,dallas,61.67755952380952,0.6482738095238095,8.781547619047618,1815587.46,10807.068214285715
2019-10-27,houston,66.16892857142857,0.7239285714285715,7.71875,1739924.99,10356.696369047619
2019-10-27,la,76.90178571428571,0.23434523809523808,4.4835119047619045,2017407.0,12008.375
2019-10-27,nyc,58.97613095238095,0.7180952380952381,8.124880952380952,858213.0,5108.410714285715
2019-10-27,philadelphia,58.632559523809526,0.7480357142857142,5.577142857142857,621029.0,3696.6011904761904
2019-10-27,phoenix,71.95083333333334,0.16351190476190475,4.482202380952381,468549.0,2788.9821428571427
2019-10-27,san antonio,65.50547619047619,0.5585119047619047,8.776250000000001,977567.28,5818.852857142857
2019-10-27,san diego,72.7727380952381,0.40214285714285714,4.08952380952381,383823.0,2284.660714285714
2019-10-27,san jose,68.85,0.39232142857142854,4.673214285714286,1769992.0,10535.666666666666
2019-10-27,seattle,50.360238095238095,0.844404761904762,5.2699404761904765,178261.0,1061.077380952381
2019-11-03,dallas,48.89630952380952,0.6817261904761904,7.181547619047619,2081690.02,12391.012023809524
2019-11-03,houston,58.34386904761905,0.7470833333333333,6.852619047619048,1735598.99,10330.946369047619
2019-11-03,la,64.41390410958904,0.20479452054794522,4.216164383561644,1535407.0,10516.486301369863
2019-11-03,nyc,56.162976190476186,0.76625,8.296071428571429,868745.0,5171.101190476191
2019-11-03,philadelphia,57.08724137931034,0.7847586206896552,6.389310344827586,542409.0,3740.751724137931
2019-11-03,phoenix,63.15976190476191,0.15726190476190477,4.5668452380952385,439391.0,2615.4226190476193
2019-11-03,san antonio,54.587380952380954,0.6669642857142857,7.112916666666667,1019579.14,6068.923452380953
2019-11-03,san diego,62.89397260273973,0.418013698630137,3.854794520547945,288532.0,1976.2465753424658
2019-11-03,san jose,57.66013698630137,0.25273972602739725,4.237328767123287,1479263.0,10131.938356164384
2019-11-03,seattle,44.11333333333333,0.6688194444444444,3.7441666666666666,166740.0,1157.9166666666667
2019-11-10,dallas,58.706130952380946,0.7691666666666667,6.8411309523809525,1893899.34,11273.210357142858
2019-11-10,houston,62.10095238095238,0.7864880952380953,5.5128571428571425,1746074.17,10393.29863095238
2019-11-10,la,67.52736526946107,0.41449101796407184,3.2563473053892213,1805795.0,10813.14371257485
2019-11-10,nyc,46.56029761904762,0.5883333333333334,8.008988095238095,882800.0,5254.761904761905
2019-11-10,philadelphia,44.58323353293413,0.5977245508982036,5.201796407185629,681817.0,4082.736526946108
2019-11-10,phoenix,72.00065476190477,0.2943452380952381,4.18797619047619,470634.0,2801.3928571428573
2019-11-10,san antonio,62.20464285714285,0.7938095238095239,6.557678571428572,984808.07,5861.9527976190475
2019-11-10,san diego,63.431317365269464,0.7108383233532934,3.5954491017964076,339109.0,2030.5928143712574
2019-11-10,san jose,58.53437125748503,0.5865269461077844,2.9117365269461075,1770251.0,10600.305389221558
2019-11-10,seattle,47.56285714285715,0.8440476190476192,4.075714285714286,186643.0,1110.970238095238
2019-11-17,dallas,49.68333333333333,0.6064285714285715,6.069880952380952,2317742.19,13796.084464285714
2019-11-17,houston,49.080000000000005,0.69375,5.782440476190477,1885644.33,11224.073392857143
2019-11-17,la,64.94305389221557,0.6088622754491019,3.100598802395209,1723847.0,10322.437125748504
2019-11-17,nyc,46.08660714285715,0.5975595238095238,7.802559523809523,925020.0,5506.071428571428
2019-11-17,philadelphia,44.3975,0.6042261904761905,5.8967857142857145,741550.0,4413.988095238095
2019-11-17,phoenix,67.78660714285714,0.3250595238095238,3.836488095238095,456368.0,2716.4761904761904
2019-11-17,san antonio,48.50595238095238,0.6876785714285715,5.32,1196130.7,7119.825595238095
2019-11-17,san diego,62.57329341317365,0.8050299401197605,3.9417365269461078,336927.0,2017.5269461077844
2019-11-17,san jose,59.59766467065868,0.6502395209580839,3.499820359281437,1757513.0,10524.02994011976
2019-11-17,seattle,50.21333333333333,0.8724404761904762,5.0686309523809525,192783.0,1147.517857142857
2019-11-24,dallas,58.040476190476184,0.708452380952381,6.921785714285714,1930600.57,11491.67005952381
2019-11-24,houston,63.61660714285714,0.7717857142857143,6.0007142857142854,1714409.07,10204.815892857143
2019-11-24,la,65.02220238095238,0.44839285714285715,4.087142857142857,1797838.0,10701.416666666666
2019-11-24,nyc,43.802440476190476,0.7079761904761904,8.933690476190476,914892.0,5445.785714285715
2019-11-24,philadelphia,43.59375,0.7044642857142858,6.549702380952381,715446.0,4258.607142857143
2019-11-24,phoenix,59.8807738095238,0.5738095238095239,4.362321428571429,452616.0,2694.1428571428573
2019-11-24,san antonio,62.30166666666667,0.7461309523809524,5.9748809523809525,961082.83,5720.731130952381
2019-11-24,san diego,63.49779761904762,0.6093452380952381,4.732261904761905,348533.0,2074.6011904761904
2019-11-24,san jose,56.725416666666675,0.6126190476190476,3.7883928571428576,1761959.0,10487.85119047619
2019-11-24,seattle,44.723392857142855,0.856845238095238,4.806011904761904,196966.0,1172.4166666666667
2019-12-01,dallas,57.390654761904756,0.63375,8.552797619047618,1906320.88,11347.148095238095
2019-12-01,houston,68.90720238095238,0.7405952380952381,9.350535714285716,1738909.59,10350.652321428572
2019-12-01,la,54.628928571428574,0.5841666666666667,4.4555952380952375,1745861.0,10392.029761904761
2019-12-01,nyc,43.53845238095238,0.64125,9.237440476190477,883254.0,5257.464285714285
2019-12-01,philadelphia,42.69607142857143,0.6572619047619048,7.17202380952381,706085.0,4202.886904761905
2019-12-01,phoenix,53.75869047619047,0.5494047619047618,4.737976190476191,465341.0,2769.8869047619046
2019-12-01,san antonio,62.76357142857143,0.6673809523809524,6.692202380952381,934824.75,5564.433035714285
2019-12-01,san diego,55.89577380952381,0.7023214285714287,4.933333333333333,348443.0,2074.065476190476
2019-12-01,san jose,47.62327380952381,0.7079166666666667,7.313869047619048,1832180.0,10905.833333333334
2019-12-01,seattle,38.53220238095238,0.6826785714285715,4.923690476190476,210134.0,1250.797619047619
2019-12-08,dallas,54.94577380952381,0.5896428571428571,6.962916666666667,1974148.76,11750.885476190477
2019-12-08,houston,60.41970238095238,0.6408928571428572,5.168988095238095,1771328.34,10543.621071428572
2019-12-08,la,60.21517857142857,0.6924404761904762,3.1110714285714285,1839118.0,10947.130952380952
2019-12-08,nyc,39.24619047619048,0.6848809523809524,9.754940476190475,960151.0,5715.184523809524
2019-12-08,philadelphia,39.13380952380952,0.6707738095238095,7.515178571428571,772945.0,4600.863095238095
2019-12-08,phoenix,58.31494047619047,0.6338095238095238,3.398392857142857,470881.0,2802.8630952380954
2019-12-08,san antonio,56.858154761904764,0.6089880952380953,4.52625,963815.42,5736.996547619048
2019-12-08,san diego,60.00892857142857,0.825595238095238,3.1880357142857143,371237.0,2209.7440476190477
2019-12-08,san jose,56.37636904761904,0.8115476190476191,6.781369047619047,1831528.0,10901.952380952382
2019-12-08,seattle,46.12404761904762,0.8683928571428572,3.7322023809523808,196507.0,1169.6845238095239
2019-12-15,dallas,50.91875,0.70625,6.455416666666666,2149561.19,12795.007083333334
2019-12-15,houston,60.44011904761905,0.7761904761904762,7.05547619047619,1827817.71,10879.867321428572
2019-12-15,la,59.16428571428572,0.6620238095238096,3.6893452380952385,1806217.0,10751.291666666666
2019-12-15,nyc,45.59303571428571,0.7980952380952382,8.82279761904762,946087.0,5631.4702380952385
2019-12-15,philadelphia,42.85017857142857,0.7940476190476191,6.97297619047619,751726.0,4474.559523809524
2019-12-15,phoenix,55.60404761904762,0.6861904761904762,3.2291666666666665,470455.0,2800.3273809523807
2019-12-15,san antonio,55.112678571428575,0.6964285714285714,5.515535714285714,1050346.06,6252.059880952382
2019-12-15,san diego,58.63369047619047,0.8132738095238095,3.873452380952381,356819.0,2123.9226190476193
2019-12-15,san jose,55.109940476190474,0.7947619047619048,4.812678571428571,1859130.0,11066.25
2019-12-15,seattle,43.59553571428572,0.9114880952380953,4.7647619047619045,205149.0,1221.125
2019-12-22,dallas,45.04160714285714,0.6467261904761905,6.268928571428572,2367766.71,14093.849464285715
2019-12-22,houston,51.57202380952381,0.6751785714285715,6.665059523809524,1926303.61,11466.092916666666
2019-12-22,la,57.69230303030303,0.24945454545454548,3.992969696969697,1871515.0,11342.515151515152
2019-12-22,nyc,42.920952380952386,0.6940476190476191,6.863690476190476,1005802.0,5986.916666666667
2019-12-22,philadelphia,40.98761904761905,0.6954761904761905,5.352440476190476,833548.0,4961.5952380952385
2019-12-22,phoenix,52.26654761904762,0.31589285714285714,4.458452380952381,505500.0,3008.9285714285716
2019-12-22,san antonio,49.28619047619048,0.6461904761904762,5.824821428571429,1152168.93,6858.148392857142
2019-12-22,san diego,55.956909090909086,0.45145454545454544,2.9019999999999997,370957.0,2248.224242424242
2019-12-22,san jose,51.636545454545455,0.6945454545454546,5.347515151515152,1877961.0,11381.581818181818
2019-12-22,seattle,43.66005952380952,0.8720833333333333,5.325535714285714,208200.0,1239.2857142857142
2019-12-29,dallas,55.97470238095238,0.7624404761904762,5.689166666666667,1880357.58,11192.604642857143
2019-12-29,houston,61.33815476190476,0.7979761904761905,4.793214285714286,1697380.12,10103.453095238096
2019-12-29,la,52.683392857142856,0.6773809523809524,4.4438095238095245,1784478.0,10621.892857142857
2019-12-29,nyc,43.0822619047619,0.6888690476190477,6.177619047619047,885600.0,5271.428571428572
2019-12-29,philadelphia,40.445,0.7461309523809524,3.455535714285714,717679.0,4271.898809523809
2019-12-29,phoenix,50.002678571428575,0.6798214285714286,3.9116071428571426,515425.0,3068.0059523809523
2019-12-29,san antonio,58.99648809523809,0.69375,6.113035714285714,952124.64,5667.408571428571
2019-12-29,san diego,54.03255952380952,0.747202380952381,4.655714285714286,358076.0,2131.404761904762
2019-12-29,san jose,46.93732142857143,0.7017261904761904,4.690654761904762,1810471.0,10776.613095238095
2019-12-29,seattle,39.77654761904762,0.8775,3.4252380952380954,205010.0,1220.297619047619
2020-01-05,dallas,50.04672619047619,0.5876785714285715,6.616071428571429,2075679.67,12355.23613095238
2020-01-05,houston,56.300178571428575,0.6558333333333334,4.695476190476191,1745153.7,10387.819642857143
2020-01-05,la,58.47666666666667,0.5054761904761905,3.1922619047619043,1676786.0,9980.869047619048
2020-01-05,nyc,41.715654761904766,0.7739880952380952,9.484761904761905,906988.0,5398.738095238095
2020-01-05,philadelphia,41.973214285714285,0.793452380952381,6.376666666666667,721988.0,4297.547619047619
2020-01-05,phoenix,49.22291666666667,0.5595238095238095,3.74875,511853.0,3046.7440476190477
2020-01-05,san antonio,52.458214285714284,0.5507738095238095,4.40077380952381,1015101.11,6042.268511904762
2020-01-05,san diego,56.50166666666667,0.6754761904761905,3.075,340207.0,2025.0416666666667
2020-01-05,san jose,50.66982142857143,0.7427380952380952,4.302261904761904,1742611.0,10372.684523809523
2020-01-05,seattle,46.186904761904756,0.8572023809523809,7.8964285714285705,197915.0,1178.0654761904761
2020-01-12,dallas,52.63529761904762,0.6640476190476191,8.516190476190477,2098461.73,12490.84363095238
2020-01-12,houston,59.66535714285715,0.7320238095238095,8.170595238095238,1807485.17,10758.840297619046
2020-01-12,la,57.10267857142857,0.5113690476190476,3.165714285714286,1693310.0,10079.22619047619
2020-01-12,nyc,47.0260119047619,0.6861904761904762,9.348214285714286,933661.0,5557.505952380952
2020-01-12,philadelphia,47.09017857142857,0.6947619047619048,7.347023809523809,744842.0,4433.583333333333
2020-01-12,phoenix,52.121607142857144,0.4547619047619048,3.789642857142857,503248.0,2995.5238095238096
2020-01-12,san antonio,58.91023809523809,0.602202380952381,7.897619047619047,986191.96,5870.190238095238
2020-01-12,san diego,55.87875,0.6775,3.651904761904762,352929.0,2100.7678571428573
2020-01-12,san jose,48.15815476190476,0.7411309523809524,4.4035119047619045,1813132.0,10792.452380952382
2020-01-12,seattle,42.81470238095238,0.8926190476190476,8.315595238095238,216061.0,1286.077380952381
2020-01-19,dallas,56.246607142857144,0.7916666666666666,7.7473809523809525,2003986.97,11928.49386904762
2020-01-19,houston,65.02970238095239,0.8855952380952381,6.6902976190476195,1780407.64,10597.664523809523
2020-01-19,la,54.77696428571429,0.6182142857142857,3.0151785714285717,1723011.0,10256.017857142857
2020-01-19,nyc,45.97458333333333,0.7347619047619047,7.670297619047618,941996.0,5607.119047619048
2020-01-19,philadelphia,46.18470238095238,0.7383333333333334,6.248869047619047,755351.0,4496.136904761905
2020-01-19,phoenix,54.02660714285714,0.4951190476190477,3.551964285714286,499391.0,2972.565476190476
2020-01-19,san antonio,64.08809523809524,0.8276785714285715,7.113154761904762,963962.16,5737.87
2020-01-19,san diego,54.55934523809523,0.762202380952381,3.397261904761905,352524.0,2098.3571428571427
2020-01-19,san jose,46.233154761904764,0.7425595238095238,4.204166666666667,1853561.0,11033.10119047619
2020-01-19,seattle,36.638511904761906,0.8227380952380953,6.382380952380952,229633.0,1366.8630952380952
2020-01-26,dallas,48.53214285714286,0.6873809523809524,6.5406547619047615,2170055.31,12916.995892857143
2020-01-26,houston,54.58613095238095,0.7085119047619047,6.269583333333333,1798113.17,10703.054583333333
2020-01-26,la,59.23791666666666,0.6417857142857143,2.653154761904762,1703599.0,10140.470238095239
2020-01-26,nyc,41.67940476190476,0.6341666666666667,6.803571428571429,957489.0,5699.339285714285
2020-01-26,philadelphia,43.571666666666665,0.6566071428571428,5.53327380952381,791513.0,4711.386904761905
2020-01-26,phoenix,57.47827380952381,0.5825,3.4198214285714283,566875.0,3374.2559523809523
2020-01-26,san antonio,55.06571428571429,0.683452380952381,5.386190476190476,1013543.44,6032.996666666666
2020-01-26,san diego,56.971666666666664,0.8363095238095238,3.155178571428572,347321.0,2067.3869047619046
2020-01-26,san jose,53.917023809523805,0.7833333333333333,3.9704166666666665,1795194.0,10685.67857142857
2020-01-26,seattle,47.28595238095238,0.8798809523809523,7.364583333333333,199086.0,1185.0357142857142
2020-02-02,dallas,49.64023809523809,0.7167261904761905,6.461904761904761,2136780.05,12718.928869047619
2020-02-02,houston,54.90940476190477,0.7573809523809525,6.070833333333333,1784380.2,10621.310714285713
2020-02-02,la,64.12732142857142,0.3464285714285714,3.805892857142857,1718761.0,10230.720238095239
2020-02-02,nyc,37.88529761904762,0.6810714285714285,7.1711309523809526,938654.0,5587.226190476191
2020-02-02,philadelphia,37.41934523809524,0.7038690476190477,5.1241666666666665,760006.0,4523.8452380952385
2020-02-02,phoenix,58.12142857142857,0.36839285714285713,3.806845238095238,463348.0,2758.0238095238096
2020-02-02,san antonio,55.128392857142856,0.6210714285714286,7.005892857142857,1005423.19,5984.661845238095
2020-02-02,san diego,60.14946428571429,0.5770833333333334,3.4448214285714287,335996.0,1999.9761904761904
2020-02-02,san jose,52.80428571428572,0.7898214285714286,3.99827380952381,1781050.0,10601.488095238095
2020-02-02,seattle,46.26886904761905,0.8943452380952381,7.8238690476190484,201395.0,1198.779761904762
2020-02-09,dallas,50.77809523809523,0.6741666666666667,9.306964285714285,2214146.54,13179.443690476191
2020-02-09,houston,58.694166666666675,0.745297619047619,8.597738095238096,1833381.35,10912.984226190476
2020-02-09,la,54.43994047619047,0.4410714285714286,4.35,1764676.0,10504.02380952381
2020-02-09,nyc,42.324821428571425,0.7383928571428571,7.268630952380953,922850.0,5493.1547619047615
2020-02-09,philadelphia,43.15529761904762,0.7332738095238095,5.113392857142857,724848.0,4314.571428571428
2020-02-09,phoenix,50.60702380952381,0.3001190476190476,3.7486309523809522,505537.0,3009.1488095238096
2020-02-09,san antonio,56.57041666666667,0.6639285714285714,8.27297619047619,1050664.74,6253.956785714286
2020-02-09,san diego,54.59928571428571,0.5636309523809524,4.63375,345319.0,2055.470238095238
2020-02-09,san jose,49.45815476190476,0.5353571428571429,5.461428571428572,1822929.0,10850.767857142857
2020-02-09,seattle,41.81845238095238,0.8849404761904761,5.662678571428572,213773.0,1272.4583333333333
2020-02-16,dallas,46.87988095238095,0.7730952380952381,7.689761904761905,2314812.41,13778.645297619049
2020-02-16,houston,56.868750000000006,0.8301785714285714,6.844107142857142,1813200.4,10792.859523809524
2020-02-16,la,58.86592814371258,0.491437125748503,3.5352694610778443,1699834.0,10178.646706586826
2020-02-16,nyc,43.73964285714286,0.7353571428571429,7.021369047619047,938959.0,5589.041666666667
2020-02-16,philadelphia,44.66446428571429,0.7348214285714286,5.719642857142857,753656.0,4486.047619047619
2020-02-16,phoenix,54.71446428571429,0.5488690476190476,3.4918452380952383,464255.0,2763.4226190476193
2020-02-16,san antonio,53.755119047619054,0.7814285714285715,7.583869047619047,1073111.32,6387.567380952381
2020-02-16,san diego,55.22299401197605,0.7567664670658683,3.727844311377245,326129.0,1952.868263473054
2020-02-16,san jose,54.98305389221557,0.5217964071856287,5.031676646706587,1769619.0,10596.520958083833
2020-02-16,seattle,42.42880952380953,0.8598809523809524,5.321309523809524,208178.0,1239.154761904762
2020-02-23,dallas,51.155119047619046,0.7241666666666666,8.365,2158307.38,12847.067738095237
2020-02-23,houston,58.238571428571426,0.7894642857142857,7.395654761904762,1797546.28,10699.680238095238
2020-02-23,la,61.287976190476186,0.6238690476190476,3.2393452380952383,1675043.0,9970.494047619048
2020-02-23,nyc,42.22732142857143,0.5257142857142858,7.2675,917809.0,5463.148809523809
2020-02-23,philadelphia,42.49214285714286,0.5168452380952381,5.153035714285714,734526.0,4372.178571428572
2020-02-23,phoenix,61.35785714285715,0.4727976190476191,3.9130357142857144,443895.0,2642.2321428571427
2020-02-23,san antonio,56.266071428571436,0.7650595238095238,8.259702380952382,1036391.22,6168.995357142857
2020-02-23,san diego,58.765297619047615,0.7872619047619047,3.9483333333333337,324844.0,1933.595238095238
2020-02-23,san jose,55.39767857142857,0.5344047619047619,4.015833333333333,1742952.0,10374.714285714286
2020-02-23,seattle,41.936011904761905,0.7331547619047619,4.840416666666667,205154.0,1221.154761904762
2020-03-01,dallas,53.98291666666666,0.5683928571428571,9.553154761904763,2056875.23,12243.30494047619
2020-03-01,houston,58.081071428571434,0.6259523809523809,7.522142857142858,1784440.76,10621.67119047619
2020-03-01,la,65.74059523809524,0.38999999999999996,3.767142857142857,1675212.0,9971.5
2020-03-01,nyc,45.31267857142857,0.6547619047619048,7.605892857142857,918576.0,5467.714285714285
2020-03-01,philadelphia,41.45142857142857,0.6355952380952381,6.962023809523809,728223.0,4334.660714285715
2020-03-01,phoenix,58.99494047619047,0.3726785714285714,4.1032738095238095,443343.0,2638.9464285714284
2020-03-01,san antonio,56.603452380952376,0.5291666666666667,7.10470238095238,998813.61,5945.319107142857
2020-03-01,san diego,62.52892857142857,0.5268452380952381,4.16547619047619,322851.0,1921.732142857143
2020-03-01,san jose,57.95214285714285,0.5285714285714286,4.441964285714286,1760532.0,10479.357142857143
2020-03-01,seattle,43.42107142857143,0.7892261904761905,4.7160714285714285,201341.0,1198.4583333333333
2020-03-08,dallas,59.07202380952381,0.6526785714285714,7.296309523809524,1857631.54,11057.330595238096
2020-03-08,houston,64.49267857142857,0.715297619047619,7.3793452380952385,1765647.92,10509.809047619046
2020-03-08,la,61.39796407185628,0.5531736526946107,3.9618562874251495,1673609.0,10021.610778443113
2020-03-08,nyc,45.07964071856288,0.6041916167664672,9.315508982035928,886018.0,5305.497005988024
2020-03-08,philadelphia,46.00296551724138,0.6239310344827587,7.128689655172415,602810.0,4157.310344827586
2020-03-08,phoenix,64.26095238095238,0.39196428571428565,4.097738095238095,431565.0,2568.839285714286
2020-03-08,san antonio,63.68839285714286,0.6839285714285714,7.691190476190475,920381.6,5478.461904761904
2020-03-08,san diego,58.65730538922156,0.7494610778443114,4.277544910179641,302294.0,1810.1437125748503
2020-03-08,san jose,56.81922155688623,0.5643712574850299,5.701497005988024,1789181.0,10713.65868263473
2020-03-08,seattle,43.737185628742516,0.8246107784431138,5.503473053892216,201854.0,1208.7065868263473
2020-03-15,dallas,66.50238095238095,0.83125,8.508154761904763,1835382.39,10924.895178571427
2020-03-15,houston,71.77107142857143,0.8307142857142857,8.05327380952381,1898338.8,11299.635714285714
2020-03-15,la,59.29988023952096,0.7325748502994012,3.9718562874251493,1710190.0,10240.65868263473
2020-03-15,nyc,51.09726190476191,0.5438095238095239,8.675297619047619,857880.0,5106.428571428572
2020-03-15,philadelphia,52.965269461077845,0.5465269461077844,6.7948502994011974,639673.0,3830.377245508982
2020-03-15,phoenix,61.786071428571425,0.6919047619047619,3.4184523809523806,433431.0,2579.9464285714284
2020-03-15,san antonio,72.16928571428572,0.7763690476190477,8.796071428571429,988008.63,5881.00375
2020-03-15,san diego,60.21203592814371,0.8101197604790419,4.3937125748503,331098.0,1982.622754491018
2020-03-15,san jose,56.23023952095809,0.6447904191616767,5.6660479041916165,1770932.0,10604.383233532933
2020-03-15,seattle,40.77214285714286,0.7008333333333334,6.020654761904762,204064.0,1214.6666666666667
2020-03-22,dallas,61.14232142857143,0.858095238095238,7.63952380952381,1828565.27,10884.317083333333
2020-03-22,houston,70.035,0.8736309523809525,8.223392857142857,1915302.57,11400.610535714286
2020-03-22,la,56.378392857142856,0.6505952380952381,3.9686309523809524,1675839.0,9975.232142857143
2020-03-22,nyc,48.129285714285714,0.6535119047619048,7.9472619047619055,826764.0,4921.214285714285
2020-03-22,philadelphia,48.67267857142857,0.6341666666666667,6.283035714285714,641039.0,3815.7083333333335
2020-03-22,phoenix,59.82535714285714,0.5483928571428571,3.528392857142857,419798.0,2498.7976190476193
2020-03-22,san antonio,67.2329761904762,0.8232738095238096,9.61577380952381,971286.04,5781.464523809524
2020-03-22,san diego,57.26208333333334,0.7127380952380953,4.976845238095239,307746.0,1831.8214285714287
2020-03-22,san jose,50.15625,0.7185119047619049,3.789821428571429,1724281.0,10263.577380952382
2020-03-22,seattle,44.951071428571424,0.6935714285714285,3.794940476190476,183821.0,1094.172619047619
2020-03-29,dallas,70.18232142857143,0.7072619047619048,7.942678571428571,1860235.03,11072.82755952381
2020-03-29,houston,75.46863095238095,0.7822023809523809,8.251547619047619,2060689.89,12266.01125
2020-03-29,la,57.339166666666664,0.6120238095238095,4.471130952380952,1524899.0,9076.779761904761
2020-03-29,nyc,46.00297619047619,0.720654761904762,9.578809523809523,790203.0,4703.589285714285
2020-03-29,philadelphia,47.474761904761905,0.7558928571428571,6.208333333333333,635368.0,3781.9523809523807
2020-03-29,phoenix,60.70178571428571,0.40869047619047616,3.7377976190476194,407832.0,2427.5714285714284
2020-03-29,san antonio,72.92077380952381,0.7008928571428571,6.616547619047618,1013746.34,6034.204404761905
2020-03-29,san diego,57.615297619047624,0.68,5.670714285714285,280679.0,1670.7083333333333
2020-03-29,san jose,50.800297619047626,0.7079761904761904,4.558392857142857,1676778.0,9980.82142857143
2020-03-29,seattle,45.575714285714284,0.8078571428571428,7.463154761904762,184873.0,1100.4345238095239
2020-04-05,dallas,57.04077380952381,0.7931547619047619,7.584821428571429,1763969.09,10499.816011904762
2020-04-05,houston,68.62511904761905,0.7619642857142856,7.848690476190476,1817214.94,10816.755595238095
2020-04-05,la,61.66613095238095,0.6436904761904761,3.4360119047619047,1498137.0,8917.482142857143
2020-04-05,nyc,47.72059523809524,0.7145833333333333,8.542321428571428,755989.0,4499.934523809524
2020-04-05,philadelphia,49.57696428571429,0.6799404761904763,7.248869047619047,614953.0,3660.434523809524
2020-04-05,phoenix,67.62696428571428,0.3292261904761905,3.6561309523809524,407882.0,2427.8690476190477
2020-04-05,san antonio,65.05821428571429,0.7878571428571429,7.261726190476191,901068.31,5363.5018452380955
2020-04-05,san diego,59.76744047619048,0.7400595238095238,5.289702380952381,280241.0,1668.1011904761904
2020-04-05,san jose,52.990654761904764,0.6741071428571429,5.6206547619047615,1611292.0,9591.02380952381
2020-04-05,seattle,43.68529761904762,0.7542857142857142,6.219047619047619,183615.0,1092.9464285714287
2020-04-12,dallas,70.4205357142857,0.7085714285714286,7.284285714285714,1804552.25,10741.38244047619
2020-04-12,houston,74.38309523809524,0.8260119047619048,6.727142857142858,1979825.42,11784.675119047619
2020-04-12,la,57.13202380952381,0.7320833333333334,3.560892857142857,1558765.0,9278.363095238095
2020-04-12,nyc,52.49779761904762,0.59875,7.751428571428572,735060.0,4375.357142857143
2020-04-12,philadelphia,54.36375,0.5861904761904763,7.141845238095238,585669.0,3486.125
2020-04-12,phoenix,64.23982142857143,0.3847023809523809,3.6756547619047617,404456.0,2407.4761904761904
2020-04-12,san antonio,72.67130952380953,0.7573809523809525,5.876488095238095,1008528.7,6003.1470238095235
2020-04-12,san diego,57.19392857142857,0.810297619047619,6.443809523809524,307672.0,1831.3809523809523
2020-04-12,san jose,53.31089285714285,0.7525595238095238,4.285059523809524,1570949.0,9350.886904761905
2020-04-12,seattle,50.15869047619047,0.6323809523809525,4.322261904761905,160053.0,952.6964285714286
2020-04-19,dallas,56.33994047619048,0.639345238095238,8.015595238095237,1722777.81,10254.629821428573
2020-04-19,houston,65.76380952380953,0.7098809523809524,7.642142857142858,1760059.86,10476.546785714287
2020-04-19,la,62.70410714285715,0.6367261904761905,3.015654761904762,1483895.0,8832.708333333334
2020-04-19,nyc,48.626309523809525,0.5879166666666666,10.041428571428572,747400.0,4448.809523809524
2020-04-19,philadelphia,49.22535714285715,0.5845238095238096,7.92375,603382.0,3591.559523809524
2020-04-19,phoenix,67.9835119047619,0.2867857142857143,3.774047619047619,408410.0,2431.0119047619046
2020-04-19,san antonio,61.86660714285714,0.626904761904762,7.99375,866841.95,5159.773511904762
2020-04-19,san diego,61.076249999999995,0.7474999999999999,4.6694047619047625,266267.0,1584.922619047619
2020-04-19,san jose,58.84494047619048,0.6242261904761905,4.843452380952381,1534123.0,9131.684523809523
2020-04-19,seattle,53.4397619047619,0.5868452380952381,3.913809523809524,153049.0,911.0059523809524
2020-04-26,dallas,70.76553571428572,0.6444642857142857,7.563035714285713,1814945.54,10803.247261904762
2020-04-26,houston,75.11238095238095,0.7118452380952381,7.171785714285714,1929537.43,11485.341845238096
2020-04-26,la,71.85255952380952,0.5332738095238095,2.988928571428571,1679876.0,9999.261904761905
2020-04-26,nyc,48.56361111111111,0.5804166666666667,8.635902777777778,638499.0,4434.020833333333
2020-04-26,philadelphia,49.772619047619045,0.6325000000000001,7.024880952380952,605001.0,3601.1964285714284
2020-04-26,phoenix,75.31504132231406,0.276198347107438,3.858677685950413,336907.0,2784.3553719008264
2020-04-26,san antonio,75.87494047619047,0.5348809523809523,7.693928571428571,1029272.9400000001,6126.624642857143
2020-04-26,san diego,65.90309523809523,0.7485119047619048,4.279107142857143,285032.0,1696.6190476190477
2020-04-26,san jose,62.02839285714286,0.6255952380952381,5.319880952380952,1644898.0,9791.059523809523
2020-04-26,seattle,52.47586776859504,0.8021487603305786,3.691900826446281,112608.0,930.6446280991736
2020-05-03,dallas,74.36529761904762,0.6036309523809523,11.053392857142857,1996474.74,11883.778214285714
2020-05-03,houston,74.55059523809524,0.6879166666666667,7.976666666666667,1909921.1,11368.577976190476
2020-05-03,la,68.84607142857142,0.6976190476190476,2.8886309523809524,1738872.0,10350.42857142857
2020-05-03,nyc,54.44309523809524,0.7220238095238095,9.870535714285714,745864.0,4439.666666666667
2020-05-03,philadelphia,57.34863095238095,0.6898214285714286,8.054940476190476,578032.0,3440.6666666666665
2020-05-03,san antonio,76.83642857142857,0.6086309523809523,9.215535714285714,1099592.88,6545.195714285714
2020-05-03,san diego,65.94380952380952,0.8045833333333334,3.8929761904761904,284628.0,1694.2142857142858
2020-05-03,san jose,61.919464285714284,0.6068452380952382,5.5441666666666665,1725380.0,10270.119047619048
2020-05-10,dallas,71.45297619047619,0.6025595238095238,9.054464285714285,1931405.0,11496.458333333334
2020-05-10,houston,75.29875,0.6725,8.32720238095238,1975917.0,11761.410714285714
2020-05-10,la,73.02779761904762,0.5548214285714286,2.8251190476190478,1883747.0,11212.779761904761
2020-05-10,nyc,52.21089285714286,0.5345238095238095,9.675238095238095,737272.0,4388.523809523809
2020-05-10,philadelphia,52.76017857142857,0.5492857142857143,7.8151190476190475,584358.0,3478.3214285714284
2020-05-10,san antonio,76.2935119047619,0.5951785714285714,10.180595238095238,1063144.0,6328.238095238095
2020-05-10,san diego,68.08583333333334,0.7501785714285715,4.120238095238095,308398.0,1835.702380952381
2020-05-10,san jose,64.85380952380953,0.48303571428571435,5.190357142857143,1797573.0,10699.839285714286
2020-05-17,dallas,72.60160714285715,0.7716071428571428,9.38077380952381,1979608.0,11783.380952380952
2020-05-17,houston,75.69529761904762,0.7807738095238095,7.952857142857143,1985000.0,11815.47619047619
2020-05-17,la,67.0729761904762,0.6439285714285715,3.317559523809524,1663397.0,9901.172619047618
2020-05-17,nyc,58.141666666666666,0.5702380952380952,8.311666666666666,746492.0,4443.4047619047615
2020-05-17,philadelphia,60.62071428571429,0.5597619047619048,7.1222619047619045,592701.0,3527.9821428571427
2020-05-17,san antonio,76.73553571428572,0.7005952380952382,8.43952380952381,1102573.0,6562.934523809524
2020-05-17,san diego,65.39791666666667,0.7347619047619047,4.9694642857142854,275516.0,1639.9761904761904
2020-05-17,san jose,61.52023809523809,0.616904761904762,6.4160714285714295,1746473.0,10395.672619047618
2020-05-24,dallas,76.04560000000001,0.6276,3.948,330144.0,13205.76
2020-05-24,houston,79.72,0.6312000000000001,3.4912,321475.0,12859.0
2020-05-24,la,65.99408163265306,0.6683673469387755,3.4840816326530613,477053.0,9735.775510204081
2020-05-24,nyc,59.77040816326531,0.5857142857142857,11.291632653061225,215558.0,4399.142857142857
2020-05-24,philadelphia,60.94559999999999,0.6396000000000001,8.6536,85439.0,3417.56
2020-05-24,san antonio,80.392,0.6228,5.5444,184901.0,7396.04
2020-05-24,san diego,65.99061224489796,0.6783673469387755,6.57265306122449,81673.0,1666.795918367347
2020-05-24,san jose,60.14612244897959,0.6510204081632653,6.53530612244898,493300.0,10067.34693877551
